station,站名,lon,lat
57767,隆回,111.03333333333333,27.116666666666667
57768,新邵,111.45,27.316666666666666
57769,邵东,111.73333333333333,27.233333333333334
57771,韶山,112.53333333333333,27.933333333333334
57772,湘乡,112.5,27.75
57773,湘潭,112.81666666666666,27.866666666666667
57774,双峰,112.16666666666667,27.45
57776,南岳,112.7,27.3
57777,衡山,112.86666666666666,27.233333333333334
57778,衡东,112.95,27.1
57779,攸县,113.35,27.0
57780,株洲,113.16666666666667,27.866666666666667
57781,醴陵,113.5,27.65
57841,靖州,109.66666666666667,26.566666666666666
57842,会同,109.68333333333334,26.883333333333333
57845,通道,109.78333333333333,26.166666666666668
57846,绥宁,110.15,26.583333333333332
57851,新宁,110.85,26.45
57853,武冈,110.63333333333334,26.733333333333334
57857,城步,110.31666666666666,26.366666666666667
57860,邵阳县,111.26666666666667,27.0
57865,冷水滩,111.56666666666666,26.416666666666668
57866,永州,111.61666666666666,26.233333333333334
57867,东安,111.28333333333333,26.4
57868,祁阳,111.86666666666666,26.6
57870,祁东,112.1,26.8
57871,衡阳县,112.36666666666666,26.983333333333334
57872,衡阳,112.6,26.9
57874,常宁,112.4,26.416666666666668
57875,衡南,112.5,26.883333333333333
57876,耒阳,112.85,26.4
57881,安仁,113.25,26.716666666666665
57882,茶陵,113.55,26.783333333333335
57886,炎陵,113.78333333333333,26.5
57887,永兴,113.11666666666666,26.133333333333333
57889,桂东,113.95,26.083333333333332
57962,双牌,111.65,25.966666666666665
57965,道县,111.6,25.533333333333335
57966,宁远,111.95,25.6
57969,江永,111.33333333333333,25.266666666666666
57971,新田,112.2,25.916666666666668
57972,郴州,113.03333333333333,25.8
57973,桂阳,112.71666666666667,25.75
57974,嘉禾,112.36666666666666,25.583333333333332
57975,蓝山,112.2,25.383333333333333
57976,宜章,112.95,25.416666666666668
57978,临武,112.55,25.283333333333335
57981,资兴,113.21666666666667,25.983333333333334
57985,汝城,113.68333333333334,25.566666666666666
59063,江华,111.45,25.183333333333334
50936,白城,122.83333333333333,45.63333333333333
50939,洮南,122.81666666666666,45.333333333333336
50940,镇赉,123.16666666666667,45.85
50945,大安,124.26666666666667,45.5
50946,松原,124.83333333333333,45.18333333333333
50948,乾安,124.01666666666667,45.0
50949,前郭,124.86666666666666,45.083333333333336
54041,通榆,123.06666666666666,44.78333333333333
54049,长岭,123.96666666666667,44.25
54063,扶余,126.0,44.96666666666667
54064,农安,125.16666666666667,44.416666666666664
54065,德惠,124.66666666666667,44.53333333333333
54069,九台,125.8,44.166666666666664
54072,榆树,126.53333333333333,44.833333333333336
54076,舒兰,126.93333333333334,44.416666666666664
54142,双辽,123.53333333333333,43.5
54154,梨树,124.3,43.35
54156,公主岭,124.8,43.516666666666666
54157,四平,124.33333333333333,43.18333333333333
54161,长春,125.21666666666667,43.9
54164,伊通,125.28333333333333,43.35
54165,双阳,125.65,43.5
54169,烟筒山,126.01666666666667,43.3
54171,永吉,126.51666666666667,43.7
54172,吉林,126.46666666666667,43.95
54181,蛟河,127.33333333333333,43.7
54186,敦化,128.2,43.36666666666667
54187,安图,128.91666666666666,43.11666666666667
54192,罗子沟,130.25,43.7
54195,汪清,129.76666666666668,43.333333333333336
54260,辽源,125.08333333333333,42.916666666666664
54261,东丰,125.45,42.68333333333333
54263,磐石,126.05,42.96666666666667
54266,梅河口,125.63333333333334,42.53333333333333
54267,柳河,125.73333333333333,42.25
54273,桦甸,126.75,42.983333333333334
54274,辉南,126.06666666666666,42.68333333333333
54276,靖宇,126.81666666666666,42.35
54284,东岗,127.56666666666666,42.1
54285,松江,128.25,42.53333333333333
54286,和龙,129.0,42.53333333333333
54287,天池,128.08333333333334,42.016666666666666
54290,龙井,129.4,42.766666666666666
54291,珲春,130.28333333333333,42.9
54292,延吉,129.46666666666667,42.88333333333333
54293,图们,129.83333333333334,42.95
54362,通化县,125.75,41.666666666666664
54363,通化,125.9,41.68333333333333
54371,白山,126.43333333333334,41.93333333333333
54374,临江,126.91666666666667,41.8
54377,集安,126.15,41.1
54386,长白,128.18333333333334,41.416666666666664
54155,孤家子,124.23333333333333,43.666666666666664
58012,丰县,116.58333333333333,34.68333333333333
58013,沛县,116.91666666666667,34.71666666666667
58026,邳州,117.95,34.3
58027,徐州,117.15,34.28333333333333
58028,徐州农试站,117.15,34.28333333333333
58035,新沂,118.35,34.35
58036,东海,118.73333333333333,34.516666666666666
58038,沭阳,118.75,34.1
58040,赣榆,119.11666666666666,34.833333333333336
57361,保康,111.26666666666667,31.883333333333333
57362,神农架,110.66666666666667,31.75
57363,南漳,111.83333333333333,31.783333333333335
57368,远安,111.63333333333334,31.066666666666666
57370,宜城,112.23333333333333,31.716666666666665
57377,荆门,112.2,31.05
57378,钟祥,112.56666666666666,31.166666666666668
57381,随州,113.38333333333334,31.716666666666665
57385,广水,113.81666666666666,31.616666666666667
57387,京山,113.11666666666666,31.016666666666666
57388,安陆,113.7,31.266666666666666
57389,云梦,113.75,31.033333333333335
57395,大悟,114.11666666666666,31.566666666666666
57398,红安,114.61666666666666,31.283333333333335
57399,麻城,115.01666666666667,31.183333333333334
57439,利川,108.93333333333334,30.283333333333335
57445,建始,109.71666666666667,30.6
57447,恩施,109.46666666666667,30.283333333333335
57453,宜昌县,111.31666666666666,30.766666666666666
57458,五峰,110.66666666666667,30.2
57460,当阳,111.78333333333333,30.816666666666666
57461,宜昌,111.3,30.7
57462,三峡,111.08333333333333,30.866666666666667
57464,长阳,111.18333333333334,30.466666666666665
57465,宜都,111.45,30.383333333333333
57466,枝江,111.75,30.433333333333334
57469,松滋,111.76666666666667,30.183333333333334
57474,江陵,112.15,30.35
57475,潜江,112.88333333333334,30.416666666666668
57476,荆州,112.18333333333334,30.333333333333332
57477,公安,112.21666666666667,30.066666666666666
57481,应城,113.56666666666666,30.95
57482,孝感,113.95,30.9
57483,天门,113.16666666666667,30.666666666666668
57485,仙桃,113.43333333333334,30.366666666666667
57486,汉川,113.85,30.65
57489,蔡甸,114.0,30.416666666666668
57491,黄陂,114.4,30.866666666666667
57492,新洲,114.8,30.583333333333332
57493,江夏,114.31666666666666,30.35
57494,武汉,114.13333333333334,30.616666666666667
57496,鄂州,114.88333333333334,30.4
57498,黄冈,114.88333333333334,30.45
57499,大冶,114.96666666666667,30.1
57540,咸丰,109.15,29.683333333333334
57541,宣恩,109.48333333333333,30.0
57543,鹤峰,110.03333333333333,29.9
57545,来凤,109.41666666666667,29.516666666666666
57571,石首,112.38333333333334,29.7
57573,监利,112.9,29.833333333333332
57581,洪湖,113.45,29.816666666666666
57582,赤壁,113.88333333333334,29.716666666666665
57583,嘉鱼,113.91666666666667,29.983333333333334
57586,崇阳,114.03333333333333,29.533333333333335
57589,通城,113.8,29.25
57590,咸宁,114.33333333333333,29.833333333333332
57595,通山,114.5,29.6
58401,罗田,115.4,30.783333333333335
58402,英山,115.66666666666667,30.733333333333334
58404,浠水,115.25,30.45
58407,黄石,115.05,30.25
58408,蕲春,115.43333333333334,30.233333333333334
58409,黄梅,115.93333333333334,30.066666666666666
58500,阳新,115.2,29.85
58501,武穴,115.55,29.85
57544,龙山,109.45,29.466666666666665
57554,桑植,110.16666666666667,29.4
57558,张家界,110.46666666666667,29.133333333333333
57562,石门,111.36666666666666,29.583333333333332
57564,慈利,111.13333333333334,29.433333333333334
57565,澧县,111.75,29.65
57566,临澧,111.65,29.45
57574,南县,112.4,29.366666666666667
57575,华容,112.56666666666666,29.516666666666666
57577,安乡,112.16666666666667,29.4
57584,岳阳,113.08333333333333,29.383333333333333
57585,临湘,113.45,29.483333333333334
57640,花垣,109.45,28.583333333333332
57642,保靖,109.63333333333334,28.7
57643,永顺,109.83333333333333,29.0
57646,古丈,109.95,28.616666666666667
57649,吉首,109.73333333333333,28.316666666666666
57655,沅陵,110.4,28.466666666666665
57657,泸溪,110.2,28.233333333333334
57658,辰溪,110.2,28.016666666666666
57661,桃源,111.48333333333333,28.916666666666668
57662,常德,111.68333333333334,29.05
57663,汉寿,111.95,28.916666666666668
57666,桃江,112.13333333333334,28.516666666666666
57669,安化,111.21666666666667,28.383333333333333
57671,沅江,112.36666666666666,28.85
57673,湘阴,112.88333333333334,28.683333333333334
57674,赫山区,112.38333333333334,28.566666666666666
57678,宁乡,112.55,28.25
57679,马坡岭,113.08333333333333,28.2
57680,汨罗,113.06666666666666,28.8
57682,平江,113.56666666666666,28.716666666666665
57687,长沙,112.91666666666667,28.216666666666665
57688,浏阳,113.63333333333334,28.15
57740,凤凰,109.6,27.95
57743,麻阳,109.8,27.883333333333333
57744,新晃,109.16666666666667,27.366666666666667
57745,芷江,109.68333333333334,27.45
57746,鹤城区,109.96666666666667,27.55
57749,怀化,110.0,27.566666666666666
57752,溆浦,110.6,27.916666666666668
57754,黔阳,110.15,27.35
57758,洞口,110.58333333333333,27.066666666666666
57760,冷水江,111.43333333333334,27.7
57761,新化,111.3,27.75
57762,涟源,111.68333333333334,27.7
57763,娄底,112.0,27.733333333333334
57766,邵阳,111.46666666666667,27.233333333333334
59854,屯昌,110.1,19.366666666666667
59855,琼海,110.46666666666667,19.233333333333334
59856,文昌,110.75,19.616666666666667
59940,乐东,109.16666666666667,18.75
59941,通什,109.51666666666667,18.766666666666666
59945,保亭,109.7,18.65
59948,三亚,109.51666666666667,18.233333333333334
59951,万宁,110.36666666666666,18.8
59954,陵水,110.03333333333333,18.5
59981,西沙,112.33333333333333,16.833333333333332
59985,珊瑚岛,111.61666666666666,16.533333333333335
59792,东沙岛,116.71666666666667,20.666666666666668
59853,清兰,110.81666666666666,19.566666666666666
59995,永暑礁,112.88333333333334,9.383333333333333
59997,南沙岛,114.36666666666666,10.383333333333333
50136,漠河,122.51666666666667,52.96666666666667
50137,北极村,122.36666666666666,53.46666666666667
50246,塔河,124.71666666666667,52.31666666666667
50247,呼中,123.66666666666667,52.05
50349,新林,124.33333333333333,51.7
50353,呼玛,126.65,51.71666666666667
50442,大兴安岭,124.11666666666666,50.4
50468,黑河,127.45,50.25
50557,嫩江,125.23333333333333,49.166666666666664
50564,孙吴,127.35,49.43333333333333
50566,逊克,128.46666666666667,49.583333333333336
50646,讷河,124.85,48.483333333333334
50655,五大连池,126.18333333333334,48.5
50656,北安,126.51666666666667,48.28333333333333
50658,克山,125.88333333333334,48.05
50659,克东,126.25,48.03333333333333
50673,嘉荫,130.4,48.88333333333333
50674,乌伊岭,129.43333333333334,48.56666666666667
50739,龙江,123.18333333333334,47.333333333333336
50741,甘南,123.5,47.93333333333333
50742,富裕,124.48333333333333,47.8
50745,齐齐哈尔,123.91666666666667,47.38333333333333
50749,林甸,124.83333333333333,47.18333333333333
50750,依安,125.3,47.9
50755,拜泉,126.1,47.6
50756,海伦,126.96666666666667,47.43333333333333
50458,明水,125.9,47.166666666666664
50767,绥棱,127.1,47.233333333333334
50772,五营,129.25,48.11666666666667
50774,伊春,128.91666666666666,47.733333333333334
50775,鹤岗,130.33333333333334,47.36666666666667
50776,萝北,130.83333333333334,47.56666666666667
50778,同江,132.5,47.63333333333333
50779,扶远,134.28333333333333,48.36666666666667
50787,绥滨,131.85,47.28333333333333
50788,富锦,131.98333333333332,47.233333333333334
50842,杜尔伯特,124.43333333333334,46.86666666666667
50844,泰来,123.41666666666667,46.4
50851,青冈,126.1,46.68333333333333
50852,望奎,126.48333333333333,46.86666666666667
50853,北林,126.96666666666667,46.61666666666667
50854,安达,125.31666666666666,46.38333333333333
50858,肇东,125.96666666666667,46.06666666666667
50859,兰西,126.26666666666667,46.25
50861,庆安,127.48333333333333,46.88333333333333
50862,铁力,128.01666666666668,46.983333333333334
50867,巴彦,127.35,46.083333333333336
50871,汤原,129.88333333333333,46.733333333333334
50873,佳木斯,130.28333333333333,46.81666666666667
50877,依兰,129.58333333333334,46.3
50878,桦川,130.71666666666667,47.016666666666666
50879,桦南,130.51666666666668,46.2
50880,集贤,131.13333333333333,46.71666666666667
50884,双鸭山,131.15,46.63333333333333
50888,宝清,132.18333333333334,46.31666666666667
50892,侥河,134.0,46.8
50950,肇州,125.25,45.7
50953,哈尔滨,126.76666666666667,45.75
50954,肇源,125.08333333333333,45.5
50955,双城,126.3,45.38333333333333
50956,呼兰,126.6,46.0
50958,阿城,126.95,45.516666666666666
50960,宾县,127.45,45.78333333333333
50962,木兰,128.03333333333333,45.95
50963,通河,128.73333333333332,45.96666666666667
50964,方正,128.8,45.833333333333336
50965,延寿,128.3,45.45
50968,尚志,127.96666666666667,45.21666666666667
50971,七台河,130.01666666666668,45.766666666666666
50973,勃利,130.58333333333334,45.75
50978,鸡西,130.95,45.28333333333333
50979,林口,130.23333333333332,45.266666666666666
50983,虎林,132.96666666666667,45.766666666666666
50985,密山,131.86666666666667,45.55
50987,鸡东,131.13333333333333,45.25
54080,五常,127.15,44.9
54092,海林,129.4,44.583333333333336
54093,穆棱,130.55,44.93333333333333
54094,牡丹江,129.6,44.56666666666667
54096,绥芬河,131.15,44.38333333333333
54098,宁安,129.46666666666667,44.333333333333336
54099,东宁,131.18333333333334,44.1
54084,龙风山,127.6,44.733333333333334
57249,竹溪,109.68333333333334,32.31666666666667
57251,郧西,110.41666666666667,33.0
57253,郧县,110.81666666666666,32.85
57256,十堰,110.78333333333333,32.65
57257,竹山,110.23333333333333,32.233333333333334
57259,房县,110.76666666666667,32.03333333333333
57260,丹江口,111.51666666666667,32.56666666666667
57265,老河口,111.66666666666667,32.38333333333333
57268,谷城,111.63333333333334,32.266666666666666
57277,襄阳,112.18333333333334,32.083333333333336
57278,襄樊,112.16666666666667,32.03333333333333
57279,枣阳,112.75,32.15
57355,巴东,110.33333333333333,31.033333333333335
57358,秭归,110.96666666666667,30.833333333333332
57359,兴山,110.76666666666667,31.233333333333334
59449,博白,109.98333333333333,22.266666666666666
59451,北流,110.35,22.7
59452,容县,110.53333333333333,22.85
59453,玉林,110.16666666666667,22.65
59454,岑溪,111.0,22.916666666666668
59457,陆川,110.26666666666667,22.316666666666666
59620,板栏,107.18333333333334,21.766666666666666
59626,东兴,107.96666666666667,21.533333333333335
59631,防城,108.35,21.783333333333335
59632,钦州,108.61666666666666,21.95
59640,合浦,109.18333333333334,21.666666666666668
59644,北海,109.13333333333334,21.45
59647,涠洲岛,109.1,21.033333333333335
59635,防城港,,21.616666666666667
59432,南宁市区,108.35,22.816666666666666
56598,赫章,104.73333333333333,27.133333333333333
56691,威宁,104.28333333333333,26.866666666666667
56693,水城,104.86666666666666,26.583333333333332
56792,普安,104.96666666666667,25.783333333333335
56793,盘县,104.61666666666666,25.783333333333335
57606,桐梓,106.83333333333333,28.133333333333333
57609,赤水,105.7,28.583333333333332
57614,习水,106.21666666666667,28.333333333333332
57623,道真,107.6,28.883333333333333
57625,正安,107.45,28.55
57634,务川,107.88333333333334,28.516666666666666
57636,沿河,108.5,28.566666666666666
57637,德江,108.11666666666666,28.25
57647,松桃,109.18333333333334,28.15
57707,毕节,105.28333333333333,27.3
57708,大方,105.6,27.15
57710,仁怀,106.41666666666667,27.816666666666666
57713,遵义,106.88333333333334,27.7
57714,金沙,106.23333333333333,27.466666666666665
57717,遵义县,106.81666666666666,27.533333333333335
57718,息烽,106.73333333333333,27.1
57719,开阳,106.96666666666667,27.066666666666666
57720,绥阳,107.16666666666667,27.95
57722,湄潭,107.46666666666667,27.766666666666666
57723,凤冈,107.71666666666667,27.983333333333334
57728,瓮安,107.46666666666667,27.066666666666666
57729,余庆,107.88333333333334,27.233333333333334
57730,塘头,108.18333333333334,27.75
57731,思南,108.25,27.95
57732,印江,108.4,28.016666666666666
57734,石阡,108.23333333333333,27.566666666666666
57735,岑巩,108.71666666666667,27.233333333333334
57736,江口,108.85,27.7
57737,施秉,108.13333333333334,27.033333333333335
57738,镇远,108.41666666666667,27.05
57739,玉屏,108.88333333333334,27.233333333333334
57741,铜仁,109.18333333333334,27.716666666666665
57742,万山,109.2,27.516666666666666
57800,纳雍,105.36666666666666,26.766666666666666
57803,黔西,106.01666666666667,27.033333333333335
57805,织金,105.76666666666667,26.683333333333334
57806,安顺,105.91666666666667,26.25
57807,六枝,105.46666666666667,26.2
57808,普定,105.75,26.316666666666666
57809,镇宁,105.76666666666667,26.05
57811,修文,106.6,26.85
57813,清镇,106.46666666666667,26.566666666666666
57814,平坝,106.26666666666667,26.416666666666668
57816,贵阳,106.73333333333333,26.583333333333332
57818,长顺,106.45,26.033333333333335
57821,福泉,107.5,26.7
57822,黄平,107.9,26.9
57823,黄平旧洲,107.78333333333333,27.0
57824,贵定,107.23333333333333,26.583333333333332
57825,凯里,107.98333333333333,26.6
57826,炉山,107.78333333333333,26.65
57827,都匀,107.51666666666667,26.266666666666666
57828,麻江,107.58333333333333,26.5
57829,丹寨,107.8,26.2
57832,三穗,108.66666666666667,26.966666666666665
57834,台江,108.3,26.683333333333334
57835,剑河,108.63333333333334,26.483333333333334
57837,雷山,108.06666666666666,26.4
57839,黎平,109.15,26.233333333333334
57840,天柱,109.2,26.9
57844,锦屏,109.18333333333334,26.683333333333334
57900,晴隆,105.21666666666667,25.833333333333332
57902,兴仁,105.18333333333334,25.433333333333334
57903,关岭,105.6,25.933333333333334
57905,贞丰,105.63333333333334,25.4
57906,望谟,106.08333333333333,25.183333333333334
57907,兴义,104.9,25.083333333333332
57908,安龙,105.48333333333333,25.116666666666667
57909,册亨,105.81666666666666,24.983333333333334
57910,紫云,106.08333333333333,25.766666666666666
57911,白云,106.61666666666666,26.683333333333334
57912,惠水,106.63333333333334,26.133333333333333
57913,龙里,106.98333333333333,26.45
57914,花溪,106.66666666666667,26.416666666666668
57915,乌当,106.76666666666667,26.633333333333333
57916,罗甸,106.76666666666667,25.433333333333334
57921,平塘,107.31666666666666,25.833333333333332
57922,独山,107.55,25.833333333333332
57923,三都,107.86666666666666,25.983333333333334
57926,荔波,107.88333333333334,25.416666666666668
57932,榕江,108.53333333333333,25.966666666666665
57936,从江,108.9,25.583333333333332
59757,琼山,110.36666666666666,20.0
59758,海口,110.35,20.033333333333335
59838,东方,108.61666666666666,19.1
59842,临高,109.68333333333334,19.9
59843,澄迈,110.0,19.733333333333334
59845,儋州,109.58333333333333,19.516666666666666
59847,昌江,109.05,19.266666666666666
59848,白沙,109.43333333333334,19.233333333333334
59849,琼中,109.83333333333333,19.033333333333335
59851,定安,110.33333333333333,19.7
59470,新兴,112.21666666666667,22.716666666666665
59471,云浮,112.05,22.933333333333334
59473,鹤山,112.96666666666667,22.766666666666666
59475,开平,112.68333333333334,22.366666666666667
59476,新会,113.03333333333333,22.533333333333335
59477,恩平,112.3,22.183333333333334
59478,台山,112.78333333333333,22.25
59480,顺德,113.25,22.85
59481,番禺,113.36666666666666,22.95
59485,中山,113.35,22.533333333333335
59487,斗门,113.28333333333333,22.216666666666665
59488,珠海,113.58333333333333,22.283333333333335
59492,惠东,114.7,22.916666666666668
59493,深圳,114.1,22.55
59500,海丰,115.31666666666666,22.966666666666665
59501,汕尾,115.36666666666666,22.8
59502,陆丰,115.65,22.95
59505,遮浪,115.56666666666666,22.65
59650,遂溪,110.25,21.383333333333333
59653,高州,110.85,21.933333333333334
59654,廉江,110.28333333333333,21.633333333333333
59655,化州,110.61666666666666,21.65
59656,吴川,110.76666666666667,21.433333333333334
59658,湛江,110.4,21.216666666666665
59659,茂名,110.88333333333334,21.65
59663,阳江,111.96666666666667,21.866666666666667
59664,电白,111.0,21.5
59673,上川岛,112.76666666666667,21.733333333333334
59681,黄茅洲,113.95,21.816666666666666
59750,雷州,110.1,20.916666666666668
59752,硇洲,110.61666666666666,20.9
59754,徐闻,110.16666666666667,20.333333333333332
57859,资源,110.63333333333334,26.033333333333335
57927,天峨,107.16666666666667,25.0
57941,三江,109.6,25.783333333333335
57942,龙胜,110.0,25.8
57947,融安,109.4,25.216666666666665
57948,融水,109.25,25.083333333333332
57949,永福,110.0,24.983333333333334
57954,临桂,110.18333333333334,25.233333333333334
57955,兴安,110.66666666666667,25.616666666666667
57956,灵川,110.31666666666666,25.416666666666668
57957,桂林,110.3,25.316666666666666
57958,雁山农试站,110.31666666666666,25.083333333333332
57960,全州,111.06666666666666,25.933333333333334
57964,灌阳,111.15,25.5
59001,隆林,105.33333333333333,24.783333333333335
59004,西林,105.1,24.5
59012,乐业,106.55,24.783333333333335
59015,凌云,106.56666666666666,24.35
59017,田林,106.23333333333333,24.283333333333335
59021,凤山,107.03333333333333,24.55
59022,南丹,107.55,24.983333333333334
59023,河池,108.05,24.7
59025,东兰,107.36666666666666,24.516666666666666
59027,巴马,107.25,24.133333333333333
59031,环江,108.25,24.833333333333332
59033,罗城,108.9,24.783333333333335
59034,宜州,108.66666666666667,24.483333333333334
59037,都安,108.1,23.933333333333334
59038,忻城,108.65,24.066666666666666
59041,柳城,109.25,24.65
59044,沙塘,109.38333333333334,24.466666666666665
59045,鹿寨,109.75,24.483333333333334
59046,柳州,109.4,24.35
59047,柳江,109.33333333333333,24.25
59051,阳朔,110.5,24.766666666666666
59052,恭城,110.81666666666666,24.833333333333332
59053,平乐,110.66666666666667,24.616666666666667
59055,荔浦,110.4,24.5
59057,金秀,110.18333333333334,24.133333333333333
59058,蒙山,110.51666666666667,24.2
59059,昭平,110.8,24.183333333333334
59061,富川,111.26666666666667,24.816666666666666
59064,钟山,111.31666666666666,24.55
59065,贺州,111.53333333333333,24.416666666666668
59209,那坡,105.83333333333333,23.416666666666668
59211,百色,106.6,23.9
59213,田阳,106.91666666666667,23.733333333333334
59215,德保,106.61666666666666,23.333333333333332
59218,靖西,106.41666666666667,23.133333333333333
59224,田东,107.11666666666666,23.6
59227,天等,107.15,23.083333333333332
59228,平果,107.58333333333333,23.316666666666666
59229,隆安,107.7,23.183333333333334
59230,马山,108.16666666666667,23.716666666666665
59235,上林,108.61666666666666,23.433333333333334
59237,武鸣,108.28333333333333,23.166666666666668
59238,宾阳,108.8,23.216666666666665
59241,象州,109.68333333333334,23.966666666666665
59242,来宾,109.23333333333333,23.75
59246,武宣,109.66666666666667,23.6
59249,贵港,109.61666666666666,23.116666666666667
59252,太平,110.7,23.65
59254,桂平,110.08333333333333,23.4
59255,平南,110.38333333333334,23.55
59256,藤县,110.91666666666667,23.366666666666667
59262,信都,111.71666666666667,23.966666666666665
59265,梧州,111.3,23.483333333333334
59266,苍梧,111.23333333333333,23.416666666666668
59413,硕龙,106.81666666666666,22.833333333333332
59417,龙州,106.85,22.333333333333332
59419,凭祥,106.75,22.1
59421,大新,107.2,22.833333333333332
59425,崇左,107.35,22.4
59426,扶绥,107.9,22.633333333333333
59427,宁明,107.06666666666666,22.116666666666667
59428,海渊,107.43333333333334,22.116666666666667
59429,上思,107.96666666666667,22.15
59431,南宁,108.21666666666667,22.633333333333333
59435,邕宁,108.48333333333333,22.766666666666666
59441,横县,109.25,22.7
59446,灵山,109.3,22.416666666666668
59448,浦北,109.55,22.266666666666666
52978,夏河,102.51666666666667,35.2
52980,永靖,103.3,35.96666666666667
52981,东乡,103.4,35.666666666666664
52982,广河,103.56666666666666,35.483333333333334
52983,榆中,104.15,35.86666666666667
52984,临夏,103.18333333333334,35.583333333333336
52985,和政,103.35,35.43333333333333
52986,临洮,103.86666666666666,35.36666666666667
52988,康乐,103.71666666666667,35.36666666666667
52993,会宁,105.06666666666666,35.68333333333333
52995,定西,104.61666666666666,35.583333333333336
52996,华家岭,105.0,35.38333333333333
52998,渭源,104.2,35.13333333333333
53821,环县,107.3,36.583333333333336
53829,庆阳,107.9,35.983333333333334
53906,静宁,105.71666666666667,35.516666666666666
53908,通渭,105.23333333333333,35.21666666666667
53915,平凉,106.66666666666667,35.55
53917,庄浪,106.05,35.21666666666667
53923,西峰,107.63333333333334,35.733333333333334
53924,灵台,107.61666666666666,35.06666666666667
53925,镇原,107.18333333333334,35.68333333333333
53926,泾川,107.35,35.333333333333336
53927,华亭,106.63333333333334,35.21666666666667
53928,崇信,107.01666666666667,35.3
53930,华池,107.98333333333333,36.45
53934,合水,108.01666666666667,35.81666666666667
53935,正宁,108.35,35.5
53937,宁县,108.0,35.416666666666664
56071,碌曲,102.5,34.583333333333336
56074,玛曲,102.08333333333333,34.0
56080,合作,102.9,35.0
56081,临潭,103.35,34.7
56082,卓尼,103.5,34.583333333333336
56084,迭部,103.21666666666667,34.06666666666667
56091,漳县,104.45,34.85
56092,陇西,104.65,35.0
56093,岷县,104.01666666666667,34.43333333333333
56094,舟曲,104.36666666666666,33.78333333333333
56095,宕昌,104.38333333333334,34.03333333333333
56096,武都,104.91666666666667,33.4
56192,文县,104.66666666666667,32.95
57001,甘谷,105.33333333333333,34.75
57002,秦安,105.66666666666667,34.86666666666667
57004,武山,104.88333333333334,34.733333333333334
57006,天水,105.75,34.583333333333336
57007,礼县,105.18333333333334,34.18333333333333
57008,西和,105.3,34.03333333333333
57011,清水,106.15,34.75
57012,张家川,106.2,34.983333333333334
57014,北道区,105.88333333333334,34.55
57102,成县,105.71666666666667,33.75
57105,康县,105.6,33.333333333333336
57110,徽县,106.08333333333333,33.78333333333333
57111,两当,106.3,33.916666666666664
57988,乐昌,113.35,25.15
57989,仁化,113.73333333333333,25.1
57996,南雄,114.31666666666666,25.133333333333333
59071,连南,112.28333333333333,24.716666666666665
59072,连州,112.38333333333334,24.783333333333335
59074,连山,112.15,24.566666666666666
59075,阳山,112.63333333333334,24.483333333333334
59081,乳源,113.26666666666667,24.783333333333335
59082,韶关,113.6,24.683333333333334
59087,佛冈,113.53333333333333,23.866666666666667
59088,英德,113.41666666666667,24.183333333333334
59090,始兴,114.06666666666666,24.95
59094,翁源,114.11666666666666,24.366666666666667
59096,连平,114.48333333333333,24.366666666666667
59097,新丰,114.2,24.05
59099,和平,114.93333333333334,24.45
59106,平远,115.9,24.583333333333332
59107,龙川,115.25,24.1
59109,兴宁,115.73333333333333,24.15
59114,蕉岭,116.16666666666667,24.65
59116,大埔,116.7,24.333333333333332
59117,梅县,116.1,24.266666666666666
59264,封开,111.5,23.45
59268,郁南,111.53333333333333,23.25
59269,德庆,111.76666666666667,23.15
59270,怀集,112.18333333333334,23.916666666666668
59271,广宁,112.43333333333334,23.633333333333333
59276,四会,112.66666666666667,23.35
59278,高要,112.45,23.033333333333335
59279,三水,112.88333333333334,23.166666666666668
59280,清远,113.05,23.666666666666668
59284,花都,113.21666666666667,23.383333333333333
59285,从化,113.58333333333333,23.55
59287,广州,113.33333333333333,23.166666666666668
59888,南海,113.13333333333334,23.05
59289,东莞,113.75,23.033333333333335
59290,龙门,114.23333333333333,23.733333333333334
59293,河源,114.68333333333334,23.733333333333334
59294,增城,113.81666666666666,23.3
59297,博罗,114.28333333333333,23.183333333333334
59298,惠阳,114.41666666666667,23.083333333333332
59303,五华,115.76666666666667,23.933333333333334
59304,紫金,115.18333333333334,23.633333333333333
59306,揭西,115.83333333333333,23.433333333333334
59310,丰顺,116.18333333333334,23.766666666666666
59312,潮州,116.63333333333334,23.666666666666668
59313,饶平,116.98333333333333,23.683333333333334
59314,普宁,116.13333333333334,23.3
59315,揭阳,116.38333333333334,23.566666666666666
59316,汕头,116.68333333333334,23.4
59317,惠来,116.3,23.033333333333335
59318,潮阳,116.58333333333333,23.266666666666666
59319,澄海,116.76666666666667,23.466666666666665
59324,南澳,117.03333333333333,23.433333333333334
59327,云澳,117.1,23.4
59456,信宜,110.93333333333334,22.35
59462,罗定,111.56666666666666,22.766666666666666
59469,阳春,111.78333333333333,22.166666666666668
58421,青阳,117.86666666666666,30.633333333333333
58428,石台,117.48333333333333,30.216666666666665
58433,宣城,118.75,30.933333333333334
58436,宁国,118.98333333333333,30.616666666666667
58438,绩溪,118.58333333333333,30.083333333333332
58441,广德,119.41666666666667,30.883333333333333
58442,郎溪,119.18333333333334,31.133333333333333
58432,泾县,118.4,30.683333333333334
58435,旌德,118.53333333333333,30.3
58531,屯溪,118.28333333333333,29.716666666666665
58520,祁门,117.71666666666667,29.85
58523,黟县,117.93333333333334,29.933333333333334
58530,歙县,118.43333333333334,29.866666666666667
58426,黄山区,118.13333333333334,30.3
58534,休宁,118.18333333333334,29.783333333333335
58437,黄山站,118.15,30.133333333333333
58423,九华山,117.78333333333333,30.483333333333334
58724,光泽,117.3,27.516666666666666
58725,邵武,117.46666666666667,27.033333333333335
58730,武夷山,118.03333333333333,27.766666666666666
58731,浦城,118.53333333333333,27.916666666666668
58734,建阳,118.11666666666666,27.033333333333335
58735,松溪,118.8,27.516666666666666
58737,建瓯,118.31666666666666,27.05
58736,政和,118.81666666666666,27.366666666666667
58744,寿宁,119.41666666666667,27.45
58747,周宁,119.35,27.15
58748,福安,119.65,27.1
58749,柘荣,119.9,27.25
58754,福鼎,120.2,27.033333333333335
58818,宁化,116.63333333333334,26.233333333333334
58819,清流,116.85,26.2
58820,泰宁,117.01666666666667,26.9
58821,将乐,117.46666666666667,26.733333333333334
58822,建宁,116.85,26.083333333333332
58823,顺昌,117.8,26.8
58824,明溪,117.15,26.4
58826,沙县,117.8,26.4
58828,三明,117.61666666666666,26.266666666666666
58834,南平,118.01666666666667,26.65
58836,古田,118.73333333333333,26.583333333333332
58837,尤溪,118.15,26.016666666666666
58839,闽清,118.85,26.233333333333334
58843,霞浦,120.0,26.883333333333333
58844,闽侯,119.15,26.15
58845,罗源,119.53333333333333,26.05
58846,宁德,119.51666666666667,26.066666666666666
58847,福州,119.28333333333333,26.083333333333332
58848,连江,119.53333333333333,26.2
58911,长汀,116.36666666666666,25.85
58912,连城,116.75,25.716666666666665
58917,武平,116.1,25.1
58918,上杭,116.41666666666667,25.05
58921,永安,117.35,25.966666666666665
58923,大田,117.83333333333333,25.7
58926,漳平,117.41666666666667,25.3
58927,龙岩,117.03333333333333,25.083333333333332
58928,华安,117.53333333333333,25.016666666666666
58929,安溪,118.15,25.066666666666666
58931,九仙山,118.1,25.716666666666665
58932,永泰,118.93333333333334,25.866666666666667
58933,屏南,118.98333333333333,26.916666666666668
58934,永春,118.26666666666667,25.033333333333335
58935,德化,118.23333333333333,25.483333333333334
58936,仙游,118.7,25.366666666666667
58938,秀屿港,118.98333333333333,25.233333333333334
58940,福州郊区,119.03333333333333,26.083333333333332
58941,长乐,119.05,25.966666666666665
58942,福清,119.38333333333334,25.716666666666665
58944,平潭,119.78333333333333,25.516666666666666
58946,莆田,119.0,25.45
59113,永定,116.71666666666667,24.733333333333334
59122,长泰,117.75,24.616666666666667
59124,南靖,117.36666666666666,24.516666666666666
59125,平和,117.31666666666666,24.383333333333333
59126,漳州,117.65,24.05
59127,龙海,117.81666666666666,24.45
59129,漳浦,117.6,24.133333333333333
59130,同安,118.15,24.733333333333334
59131,南安,118.36666666666666,24.966666666666665
59133,崇武,118.91666666666667,24.9
59134,厦门,118.06666666666666,24.483333333333334
59137,晋江,118.56666666666666,24.816666666666666
59320,诏安,117.13333333333334,23.766666666666666
59321,东山,117.05,23.783333333333335
59322,云霄,117.36666666666666,23.983333333333334
52323,马鬃山,97.03333333333333,41.8
52418,敦煌,94.68333333333334,40.15
52424,安西,95.76666666666667,40.53333333333333
52436,玉门镇,97.03333333333333,40.266666666666666
52446,鼎新,99.51666666666667,40.3
52447,金塔,98.9,40.0
52515,肃北,94.88333333333334,39.516666666666666
52533,酒泉,98.48333333333333,39.766666666666666
52546,高台,99.83333333333333,39.36666666666667
52557,临泽,100.16666666666667,39.15
52643,肃南,99.61666666666666,38.833333333333336
52652,张掖,100.43333333333334,38.93333333333333
52656,民乐,100.81666666666666,38.45
52661,山丹,101.08333333333333,38.8
52674,永昌,101.96666666666667,38.233333333333334
52675,金昌,102.2,38.53333333333333
52679,武威,102.66666666666667,37.916666666666664
52681,民勤,103.08333333333333,38.63333333333333
52784,古浪,102.9,37.483333333333334
52787,乌鞘岭,102.86666666666666,37.2
52797,景泰,104.05,37.18333333333333
52884,皋兰,103.93333333333334,36.35
52885,永登,103.25,36.75
52889,兰州,103.88333333333334,36.05
52895,靖远,104.68333333333334,36.56666666666667
52896,白银,104.18333333333334,36.55
57183,临颍,113.91666666666667,33.8
57184,叶县,113.36666666666666,33.63333333333333
57185,舞阳,113.58333333333333,33.45
57186,漯河,114.0,33.583333333333336
57187,社旗,112.93333333333334,33.06666666666667
57188,西平,114.0,33.38333333333333
57189,遂平,114.0,33.15
57190,黄泛区农试站,114.4,33.75
57191,通许,114.48333333333333,34.483333333333334
57192,淮阳,114.85,33.733333333333334
57193,西华,114.51666666666667,33.78333333333333
57194,上蔡,114.26666666666667,33.28333333333333
57195,周口,114.61666666666666,33.61666666666667
57196,项城,114.88333333333334,33.45
57197,汝南,114.33333333333333,33.0
57198,商水,114.61666666666666,33.55
57261,淅川,111.5,33.13333333333333
57271,新野,112.38333333333334,32.55
57273,唐河,112.85,32.68333333333333
57274,邓州,112.08333333333333,32.7
57281,泌阳,113.3,32.7
57285,桐柏,113.41666666666667,32.38333333333333
57289,信阳农试站,114.08333333333333,32.11666666666667
57290,驻马店,114.01666666666667,33.0
57292,平舆,114.63333333333334,32.96666666666667
57293,新蔡,114.98333333333333,32.733333333333334
57294,确山,114.03333333333333,32.8
57295,正阳,114.35,32.61666666666667
57296,息县,114.73333333333333,32.35
57297,信阳,114.05,32.13333333333333
57298,罗山,114.55,32.21666666666667
57299,光山,114.9,32.016666666666666
57390,鸡公山,114.06666666666666,31.8
57396,新县,114.85,31.633333333333333
58001,睢县,115.1,34.43333333333333
58004,民权,115.15,34.65
58005,商丘,115.66666666666667,34.45
58006,虞城,115.88333333333334,34.38333333333333
58007,柘城,115.3,34.06666666666667
58008,宁陵,115.33333333333333,34.46666666666667
58009,睢阳区,115.58333333333333,34.38333333333333
58017,夏邑,116.13333333333334,34.25
58100,郸城,115.16666666666667,33.65
58101,鹿邑,115.48333333333333,33.88333333333333
58104,沈丘,115.06666666666666,33.4
58111,永城,116.38333333333334,33.93333333333333
58205,淮滨,115.41666666666667,32.45
58207,潢川,115.03333333333333,32.15
58208,固始,115.66666666666667,32.166666666666664
58301,商城,115.38333333333334,31.8
58321,合肥,117.23333333333333,31.866666666666667
58220,长丰,117.15,32.46666666666667
58323,肥东,117.46666666666667,31.883333333333333
58320,肥西,117.13333333333334,31.733333333333334
58203,阜阳,115.73333333333333,32.86666666666667
58102,亳州,115.76666666666667,33.86666666666667
58114,涡阳,116.2,33.483333333333334
58118,蒙城,116.55,33.28333333333333
58117,利辛,116.21666666666667,33.15
58202,阜南,115.58333333333333,32.63333333333333
58107,临泉,115.25,33.06666666666667
58210,颖上,116.26666666666667,32.61666666666667
58108,界首,115.36666666666666,33.266666666666666
58109,太和,115.61666666666666,33.18333333333333
58122,宿州,116.98333333333333,33.63333333333333
58015,砀山,116.33333333333333,34.416666666666664
58016,萧县,116.96666666666667,34.18333333333333
58125,灵璧,117.55,33.55
58126,泗县,117.86666666666666,33.46666666666667
58116,淮北,116.81666666666666,33.983333333333334
58113,濉溪,116.78333333333333,33.93333333333333
58221,蚌埠,117.38333333333334,32.95
58128,固镇,117.3,33.31666666666667
58129,五河,117.88333333333334,33.13333333333333
58127,怀远,117.2,32.88333333333333
58224,淮南,117.01666666666667,32.65
58212,凤台,116.73333333333333,32.71666666666667
58236,滁州,118.3,32.3
58222,凤阳,117.55,32.86666666666667
58225,定远,117.66666666666667,32.53333333333333
58223,明光,117.98333333333333,32.78333333333333
58240,天长,119.01666666666667,32.68333333333333
58234,来安,118.41666666666667,32.46666666666667
58230,全椒,118.26666666666667,32.083333333333336
58311,六安,116.5,31.75
58215,寿县,116.78333333333333,32.55
58314,霍山,116.31666666666666,31.4
58316,舒城,116.95,31.466666666666665
58214,霍邱,116.28333333333333,32.333333333333336
58306,金寨,115.88333333333334,31.683333333333334
58305,南溪,115.61666666666666,31.516666666666666
58326,巢湖,117.86666666666666,31.616666666666667
58329,无为,117.9,31.3
58330,含山,118.11666666666666,31.716666666666665
58327,庐江,117.28333333333333,31.25
58331,和县,118.36666666666666,31.733333333333334
58424,安庆,117.05,30.533333333333335
58420,枞阳,117.21666666666667,30.716666666666665
58418,望江,116.7,30.133333333333333
58416,怀宁,116.65,30.416666666666668
58417,宿松,116.13333333333334,30.166666666666668
58415,潜山,116.58333333333333,30.633333333333333
58317,岳西,116.36666666666666,30.866666666666667
58414,太湖,116.3,30.45
58319,桐城,116.95,31.066666666666666
58336,马鞍山,118.51666666666667,31.7
58335,当涂,118.5,31.566666666666666
58429,铜陵,117.78333333333333,30.966666666666665
58334,芜湖,118.38333333333334,31.333333333333332
58338,芜湖县,118.58333333333333,31.15
58431,南陵,118.31666666666666,30.916666666666668
58337,繁昌,118.18333333333334,31.083333333333332
58427,池州,117.48333333333333,30.666666666666668
58419,东至,117.01666666666667,30.1
54606,饶阳,115.73333333333333,38.233333333333334
54607,望都,115.11666666666666,38.71666666666667
54608,深州,115.55,38.0
54609,安平,115.0,38.233333333333334
54610,任丘,116.1,38.733333333333334
54611,满城,115.31666666666666,38.95
54612,文安,116.45,38.86666666666667
54613,大城,116.61666666666666,38.7
54614,河间,116.08333333333333,38.45
54615,青县,116.83333333333333,38.583333333333336
54616,沧州,116.83333333333333,38.333333333333336
54617,献县,116.11666666666666,38.18333333333333
54618,泊头,116.55,38.083333333333336
54620,蠡县,115.56666666666666,38.483333333333334
54621,深泽,115.18333333333334,38.18333333333333
54624,黄骅,117.35,38.36666666666667
54626,肃宁,115.81666666666666,38.416666666666664
54627,盐山,117.23333333333333,38.03333333333333
54628,海兴,117.48333333333333,38.15
54631,广宗,115.15,37.06666666666667
54632,平乡,115.03333333333333,37.06666666666667
54633,新河,115.23333333333333,37.516666666666666
54636,雄县,116.1,38.983333333333334
54640,鸡泽,114.86666666666666,36.916666666666664
54644,孟村,117.08333333333333,38.05
54700,武强,115.0,38.03333333333333
54701,辛集,115.2,37.93333333333333
54702,衡水,115.7,37.733333333333334
54703,武邑,115.88333333333334,37.8
54704,冀州,115.56666666666666,37.55
54705,南宫,115.38333333333334,37.36666666666667
54706,清河,115.66666666666667,37.083333333333336
54707,故城,115.98333333333333,37.35
54708,枣强,115.71666666666667,37.516666666666666
54710,阜城,116.16666666666667,37.86666666666667
54711,景县,116.28333333333333,37.7
54713,东光,116.53333333333333,37.88333333333333
54717,吴桥,116.4,37.63333333333333
54719,南皮,116.68333333333334,38.03333333333333
54800,威县,115.25,36.983333333333334
54801,临西,115.48333333333333,36.85
54804,大名,115.13333333333334,36.3
54809,馆陶,115.28333333333333,36.55
54820,邱县,115.16666666666667,36.81666666666667
53889,林州,113.81666666666666,36.06666666666667
53898,安阳,114.36666666666666,36.11666666666667
53972,沁阳,112.91666666666667,35.11666666666667
53974,淇县,114.18333333333334,35.61666666666667
53978,济源,112.63333333333334,35.083333333333336
53979,博爱,113.05,35.18333333333333
53982,焦作,113.26666666666667,35.233333333333334
53983,封丘,114.41666666666667,35.03333333333333
53984,修武,113.41666666666667,35.233333333333334
53985,辉县,113.81666666666666,35.45
53986,新乡,113.88333333333334,35.31666666666667
53987,武陟,113.4,35.1
53988,获嘉,113.66666666666667,35.266666666666666
53989,原阳,113.95,35.05
53990,鹤壁,114.16666666666667,35.9
53991,汤阴,114.35,35.93333333333333
53992,浚县,114.55,35.68333333333333
53993,内黄,114.91666666666667,35.93333333333333
53994,卫辉,114.06666666666666,35.38333333333333
53995,滑县,114.5,35.583333333333336
53997,延津,114.18333333333334,35.15
53998,长垣,114.65,35.2
54817,台前,115.86666666666666,35.983333333333334
54900,濮阳,115.01666666666667,35.7
54901,南乐,115.18333333333334,36.06666666666667
54902,清丰,115.11666666666666,35.9
54903,范县,115.48333333333333,35.916666666666664
57051,三门峡,111.2,34.8
57056,灵宝,110.85,34.53333333333333
57063,渑池,111.76666666666667,34.766666666666666
57065,宜阳,112.18333333333334,34.5
57066,洛宁,111.66666666666667,34.38333333333333
57067,卢氏,111.03333333333333,34.05
57070,新安,112.15,34.71666666666667
57071,孟津,112.43333333333334,34.833333333333336
57072,孟州,112.78333333333333,34.916666666666664
57073,洛阳,112.46666666666667,34.63333333333333
57074,伊川,112.41666666666667,34.416666666666664
57075,汝州,112.83333333333333,34.18333333333333
57076,偃师,112.81666666666666,34.71666666666667
57077,栾川,111.6,33.78333333333333
57078,汝阳,112.46666666666667,34.15
57079,温县,113.1,34.95
57080,巩义,112.96666666666667,34.733333333333334
57081,荥阳,113.43333333333334,34.8
57082,登封,113.01666666666667,34.46666666666667
57083,郑州,113.65,34.71666666666667
57085,新密,113.36666666666666,34.55
57086,新郑,113.73333333333333,34.4
57087,长葛,113.8,34.2
57088,禹州,113.5,34.15
57089,许昌,113.85,34.016666666666666
57090,中牟,114.01666666666667,34.71666666666667
57091,开封,114.3,34.78333333333333
57093,兰考,114.81666666666666,34.85
57094,尉氏,114.2,34.4
57095,鄢陵,114.2,34.083333333333336
57096,杞县,114.78333333333333,34.53333333333333
57097,郑州农试站,113.66666666666667,34.81666666666667
57098,扶沟,114.4,34.083333333333336
57099,太康,114.85,34.06666666666667
57156,西峡,111.5,33.3
57162,嵩县,112.08333333333333,34.15
57169,内乡,111.86666666666666,33.05
57171,平项山,113.21666666666667,33.71666666666667
57173,鲁山,112.88333333333334,33.75
57175,镇平,112.23333333333333,33.05
57176,南召,112.43333333333334,33.483333333333334
57177,舞钢,113.53333333333333,33.333333333333336
57178,南阳,112.58333333333333,33.03333333333333
57179,方城,113.0,33.28333333333333
57180,郏县,113.2,33.983333333333334
57181,宝丰,113.05,33.88333333333333
57182,襄城,113.5,33.85
54398,顺义,116.61666666666666,40.13333333333333
54399,海淀,116.28333333333333,39.983333333333334
54406,延庆,115.96666666666667,40.45
54409,八达岭,116.0,40.35
54410,佛爷顶,116.13333333333334,40.6
54412,汤河口,116.63333333333334,40.733333333333334
54416,密云,116.86666666666666,40.38333333333333
54419,怀柔,116.63333333333334,40.36666666666667
54421,上甸子,117.11666666666666,40.65
54424,平谷,117.1,40.15
54431,通州,116.63333333333334,39.916666666666664
54433,朝阳,116.48333333333333,39.95
54499,昌平,116.13,40.21666666666667
54505,门头沟,116.11666666666666,39.916666666666664
54511,北京,116.46666666666667,39.8
54513,石景山,116.2,39.95
54514,丰台,116.25,39.86666666666667
54594,大兴,116.33333333333333,39.75
54596,房山,116.0,39.7
54597,霞云岭,115.73333333333333,39.733333333333334
53392,康保,114.6,41.85
53397,尚义,113.98333333333333,41.1
53399,张北,114.7,41.15
53491,怀安,114.4,40.68333333333333
53492,阳原,114.15,40.1
53498,宣化,115.03333333333333,40.56666666666667
53499,万全,114.73333333333333,40.766666666666666
53593,蔚县,114.56666666666666,39.833333333333336
53596,顺平,115.15,38.833333333333336
53599,涞源,114.66666666666667,39.35
53680,灵寿,114.38333333333334,38.3
53682,曲阳,114.68333333333334,38.63333333333333
53688,行唐,114.55,38.45
53689,晋洲,115.06666666666666,38.016666666666666
53690,阜平,114.18333333333334,38.85
53691,正定,114.56666666666666,38.15
53692,唐县,114.98333333333333,38.733333333333334
53693,井陉,114.13333333333334,38.03333333333333
53694,平山,114.21666666666667,38.266666666666666
53695,新乐,114.68333333333334,38.35
53696,定州,115.0,38.516666666666666
53697,藁城,114.83333333333333,38.03333333333333
53698,石家庄,114.41666666666667,38.03333333333333
53699,无极,114.95,38.18333333333333
53773,临漳,114.61666666666666,36.333333333333336
53781,沙河,114.46666666666667,36.86666666666667
53784,赵县,114.78333333333333,37.75
53785,柏乡,114.68333333333334,37.5
53789,栾城,114.63333333333334,37.88333333333333
53790,高邑,114.61666666666666,37.6
53791,元氏,114.6,37.733333333333334
53792,临城,114.48333333333333,37.45
53794,隆尧,114.75,37.35
53795,赞皇,114.36666666666666,37.65
53796,宁晋,114.88333333333334,37.61666666666667
53797,内邱,114.5,37.28333333333333
53798,邢台,114.5,37.06666666666667
53799,巨鹿,115.03333333333333,37.21666666666667
53883,任县,114.7,37.13333333333333
53886,涉县,113.66666666666667,36.56666666666667
53890,武安,114.15,36.68333333333333
53891,南和,114.68333333333334,37.0
53892,邯郸,114.46666666666667,36.61666666666667
53893,曲周,114.95,36.766666666666666
53894,峰峰,114.21666666666667,36.416666666666664
53895,永年,114.5,36.766666666666666
53896,魏县,114.95,36.35
53897,磁县,114.38333333333334,36.38333333333333
53899,广平,114.96666666666667,36.483333333333334
53980,肥乡,114.8,36.55
53996,成安,114.7,36.45
54301,沽源,115.66666666666667,41.666666666666664
54304,崇礼,115.28333333333333,40.96666666666667
54308,丰宁,116.63333333333334,41.21666666666667
54311,围场,117.75,41.93333333333333
54318,隆化,117.73333333333333,41.31666666666667
54319,平泉,118.66666666666667,41.0
54401,张家口,114.88333333333334,40.78333333333333
54404,赤城,115.83333333333333,40.9
54405,怀来,115.5,40.4
54408,涿鹿,115.21666666666667,40.38333333333333
54420,滦平,117.33333333333333,40.93333333333333
54423,承德,117.95,40.983333333333334
54425,兴隆,117.48333333333333,40.416666666666664
54429,遵化,117.95,40.2
54430,承德县,118.15,40.766666666666666
54432,宽城,118.48333333333333,40.6
54434,迁西,118.3,40.15
54436,青龙,118.95,41.233333333333334
54437,滦南,118.66666666666667,39.5
54438,卢龙,118.86666666666666,39.88333333333333
54439,迁安,118.71666666666667,40.0
54449,秦皇岛,119.51666666666667,39.85
54502,涿州,116.03333333333333,39.483333333333334
54503,容城,115.85,39.05
54506,高碑店,115.85,39.333333333333336
54507,易县,115.5,39.35
54510,大厂,116.98333333333333,39.88333333333333
54512,固安,116.28333333333333,39.43333333333333
54515,廊坊,116.7,39.5
54518,霸州,116.38333333333334,39.11666666666667
54519,永清,116.48333333333333,39.31666666666667
54520,三河,117.08333333333333,39.96666666666667
54521,香河,116.98333333333333,39.766666666666666
54522,玉田,117.73333333333333,39.88333333333333
54531,滦县,118.68333333333334,39.733333333333334
54532,丰润,118.1,39.8
54533,丰南,118.11666666666666,39.55
54534,唐山,118.15,39.666666666666664
54535,唐海,118.45,39.28333333333333
54539,乐亭,118.88333333333334,39.43333333333333
54540,昌黎,119.16666666666667,39.71666666666667
54541,抚宁,119.23333333333333,39.88333333333333
54601,徐水,115.65,39.016666666666666
54602,保定,115.51666666666667,38.85
54603,高阳,115.78333333333333,38.68333333333333
54604,安国,115.33333333333333,38.416666666666664
54605,安新,115.93333333333334,38.93333333333333
58041,西连岛,119.43333333333334,34.78333333333333
58044,连云港,119.16666666666667,34.583333333333336
58045,响水,119.56666666666666,34.2
58046,燕尾港,119.78333333333333,34.483333333333334
58047,灌云,119.23333333333333,34.3
58048,灌南,119.35,34.1
58049,滨海,119.81666666666666,34.03333333333333
58130,睢宁,117.91666666666667,33.88333333333333
58131,宿迁,118.26666666666667,33.983333333333334
58132,泗阳,118.71666666666667,33.7
58135,泗洪,118.21666666666667,33.45
58138,盱眙,118.51666666666667,32.983333333333334
58139,洪泽,118.85,33.3
58140,涟水,119.26666666666667,33.78333333333333
58141,淮阴县,119.03333333333333,33.666666666666664
58143,阜宁,119.85,33.8
58144,淮阴,119.03333333333333,33.6
58145,淮安,119.16666666666667,33.53333333333333
58146,建湖,119.8,33.483333333333334
58147,金湖,118.96666666666667,32.983333333333334
58148,宝应,119.3,33.233333333333334
58150,射阳,120.25,33.766666666666666
58151,盐城,120.13333333333334,33.38333333333333
58154,盐都,120.15,33.38333333333333
58158,大丰,120.48333333333333,33.2
58235,六合,118.83333333333333,32.35
58237,江浦,118.61666666666666,32.05
58238,南京,118.8,32.0
58239,邗江,119.4,32.38333333333333
58241,高邮,119.45,32.8
58242,仪征,119.16666666666667,32.28333333333333
58243,兴化,119.83333333333333,32.93333333333333
58244,江都,119.56666666666666,32.45
58245,扬州,119.41666666666667,32.416666666666664
58246,泰州,119.93333333333334,32.5
58247,扬中,119.81666666666666,32.25
58248,镇江,119.46666666666667,32.21666666666667
58249,泰兴,120.0,32.166666666666664
58250,姜堰,120.15,32.516666666666666
58251,东台,120.31666666666666,32.86666666666667
58252,丹徒,119.46666666666667,32.18333333333333
58254,海安,120.45,32.53333333333333
58255,如皋,120.56666666666666,32.38333333333333
58257,靖江,120.26666666666667,32.0
58259,南通,120.88333333333334,31.983333333333334
58264,如东,121.18333333333334,32.333333333333336
58265,吕泗,121.6,32.06666666666667
58266,吕泗,121.61666666666666,32.13333333333333
58268,通州,121.08333333333333,32.1
58269,启东,121.65,31.783333333333335
58333,江宁,118.85,31.95
58339,高淳,118.88333333333334,31.316666666666666
58340,溧水,119.03333333333333,31.65
58341,丹阳,119.58333333333333,31.983333333333334
58342,金坛,119.55,31.75
58343,常州,119.98333333333333,31.883333333333333
58344,句容,119.16666666666667,31.95
58345,溧阳,119.48333333333333,31.433333333333334
58346,宜兴,119.81666666666666,31.35
58349,吴县,120.63333333333334,31.266666666666666
58351,江阴,120.26666666666667,31.883333333333333
58352,常熟,120.76666666666667,31.683333333333334
58353,张家港,120.56666666666666,31.866666666666667
58354,无锡,120.35,31.583333333333332
58356,昆山,120.95,31.416666666666668
58357,苏州,120.63333333333334,31.316666666666666
58358,吴县东山,120.43333333333334,31.066666666666666
58359,吴江,120.63333333333334,31.166666666666668
58360,海门,121.16666666666667,31.883333333333333
58377,太仓,121.1,31.466666666666665
57598,修水,114.58333333333333,29.033333333333335
57694,铜鼓,114.38333333333334,28.533333333333335
57696,宜丰,114.78333333333333,28.4
57698,万载,114.45,28.116666666666667
57699,上高,114.91666666666667,28.233333333333334
57786,萍乡,113.85,27.65
57789,莲花,113.95,27.133333333333333
57792,分宜,114.68333333333334,27.816666666666666
57793,宜春,114.38333333333334,27.8
57796,新余,114.93333333333334,27.8
57798,安福,114.6,27.4
57799,吉安,114.91666666666667,27.05
57883,宁冈,113.96666666666667,26.716666666666665
57891,永新,114.25,26.933333333333334
57894,井冈山,114.16666666666667,26.583333333333332
57895,万安,114.78333333333333,26.466666666666665
57896,遂川,114.5,26.333333333333332
57899,泰和,114.91666666666667,26.8
57990,崇义,114.3,25.7
57992,南康,114.75,25.666666666666668
57993,赣州,114.95,25.85
57994,大余,114.35,25.4
57995,信丰,114.93333333333334,25.4
58502,九江,116.0,29.733333333333334
58503,瑞昌,115.66666666666667,29.683333333333334
58506,庐山,115.98333333333333,29.583333333333332
58507,武宁,115.1,29.283333333333335
58508,德安,115.76666666666667,29.333333333333332
58509,永修,115.81666666666666,29.05
58510,湖口,116.23333333333333,29.733333333333334
58512,彭泽,116.55,29.9
58514,星子,116.05,29.45
58517,都昌,116.2,29.266666666666666
58519,波阳,116.68333333333334,29.0
58527,景德镇,117.2,29.3
58529,婺源,117.85,29.266666666666666
58600,靖安,115.36666666666666,28.866666666666667
58601,奉新,115.38333333333334,28.7
58602,安义,115.55,28.85
58605,高安,115.38333333333334,28.416666666666668
58606,南昌,115.91666666666667,28.6
58607,南昌县,115.95,28.55
58608,樟树,115.55,28.066666666666666
58609,丰城,115.81666666666666,28.216666666666665
58612,余干,116.68333333333334,28.7
58614,进贤,116.26666666666667,28.383333333333333
58615,万年,117.08333333333333,28.683333333333334
58616,余江,116.81666666666666,28.2
58617,抚州,116.36666666666666,28.0
58618,东乡,116.6,28.233333333333334
58620,乐平,117.13333333333334,28.966666666666665
58622,德兴,117.58333333333333,28.95
58623,上饶县,117.91666666666667,28.466666666666665
58624,弋阳,117.43333333333334,28.4
58625,横峰,117.6,28.416666666666668
58626,贵溪,117.21666666666667,28.3
58627,鹰潭,117.03333333333333,28.25
58629,铅山,117.7,28.316666666666666
58634,玉山,118.25,28.683333333333334
58635,广丰,118.2,28.433333333333334
58637,上饶,117.98333333333333,28.45
58693,新建,115.83333333333333,28.7
58701,新干,115.4,27.766666666666666
58704,峡江,115.16666666666667,27.566666666666666
58705,永丰,115.41666666666667,27.333333333333332
58706,乐安,115.83333333333333,27.433333333333334
58707,吉水,115.13333333333334,27.216666666666665
58710,崇仁,116.05,27.766666666666666
58712,金溪,116.78333333333333,27.916666666666668
58713,资溪,117.06666666666666,27.716666666666665
58715,南城,116.65,27.583333333333332
58718,南丰,116.53333333333333,27.216666666666665
58719,黎川,116.93333333333334,27.3
58804,兴国,115.35,26.35
58806,宁都,116.01666666666667,26.483333333333334
58813,广昌,116.33333333333333,26.85
58814,石城,116.35,26.35
58900,赣县,115.0,25.866666666666667
58903,瑞金,116.03333333333333,25.866666666666667
58905,于都,115.41666666666667,25.966666666666665
58906,会昌,115.8,25.6
58907,安远,115.4,25.15
59091,全南,114.53333333333333,24.75
59092,龙南,114.81666666666666,24.916666666666668
59093,定南,115.03333333333333,24.783333333333335
59102,寻乌,115.65,24.95
54236,彰武,122.53333333333333,42.416666666666664
54237,阜新县,121.71666666666667,42.083333333333336
54243,昌图,124.11666666666666,42.78333333333333
54244,康平,123.33333333333333,42.75
54245,法库,123.4,42.5
54248,新城子,123.53333333333333,42.03333333333333
54249,铁岭,123.86666666666666,42.3
54252,西丰,124.75,42.733333333333334
54254,开原,124.05,42.53333333333333
54259,清原,124.91666666666667,42.1
54321,建平,119.63333333333334,41.86666666666667
54323,北票,120.75,41.81666666666667
54324,朝阳,120.45,41.55
54325,羊山,120.35,41.18333333333333
54326,建平县,119.7,41.38333333333333
54327,凌源,119.35,41.233333333333334
54328,喀左,119.71666666666667,41.083333333333336
54330,凌海,121.36666666666666,41.31666666666667
54331,北宁,121.76666666666667,41.583333333333336
54332,辽中,122.71666666666667,41.516666666666666
54333,新民,122.83333333333333,41.983333333333334
54334,义县,121.23333333333333,41.516666666666666
54335,黑山,122.08333333333333,41.68333333333333
54336,台安,122.43333333333334,41.38333333333333
54337,锦州,121.11666666666666,41.13333333333333
54338,盘山,121.95,41.28333333333333
54339,鞍山,123.0,41.083333333333336
54340,苏家屯,123.31666666666666,41.666666666666664
54342,沈阳,123.45,41.733333333333334
54345,辽阳县,123.06666666666666,41.2
54346,本溪,123.78333333333333,41.31666666666667
54347,辽阳,123.16666666666667,41.233333333333334
54348,灯塔,123.31666666666666,41.416666666666664
54349,本溪县,124.11666666666666,41.3
54351,章党,124.08333333333333,41.916666666666664
54353,新宾,125.05,41.733333333333334
54365,桓仁,125.35,41.266666666666666
54452,建昌,119.81666666666666,40.8
54453,葫芦岛,120.83333333333333,40.68333333333333
54454,绥中,120.35,40.35
54455,兴城,120.7,40.583333333333336
54470,大洼,122.06666666666666,40.983333333333334
54471,营口,122.26666666666667,40.666666666666664
54472,海城,122.71666666666667,40.88333333333333
54474,盖州,122.35,40.416666666666664
54475,大石桥,122.48333333333333,40.61666666666667
54476,熊岳,122.15,40.166666666666664
54483,草河口,123.9,40.88333333333333
54486,岫岩,123.28333333333333,40.28333333333333
54493,宽甸,124.78333333333333,40.71666666666667
54494,凤城,124.06666666666666,40.46666666666667
54497,丹东,124.33333333333333,40.05
54563,瓦房店,122.01666666666667,39.63333333333333
54568,金州,121.7,39.083333333333336
54569,普兰店,121.96666666666667,39.4
54575,皮口,122.36666666666666,39.416666666666664
54579,长海,122.58333333333333,39.266666666666666
54584,庄河,122.95,39.71666666666667
54587,海洋岛,123.21666666666667,39.06666666666667
54590,东港,124.16666666666667,39.88333333333333
54660,旅顺,121.23333333333333,38.81666666666667
54662,大连,121.63333333333334,38.9
50425,额尔古纳,120.18333333333334,50.25
50431,根河,121.51666666666667,50.78333333333333
50434,图里河,121.68333333333334,50.483333333333334
50445,鄂伦春旗,123.73333333333333,50.583333333333336
50514,满洲里,117.43333333333334,49.56666666666667
50524,陈巴尔虎旗,119.43333333333334,49.31666666666667
50525,鄂温克旗,119.75,49.15
50526,牙克石,120.7,49.28333333333333
50527,海拉尔,119.75,49.21666666666667
50548,小二沟,123.71666666666667,49.2
50603,新巴尔虎右旗,116.81666666666666,48.666666666666664
50618,新巴尔虎左旗,118.26666666666667,48.21666666666667
50632,博克图,121.91666666666667,48.766666666666666
50639,扎兰屯,122.73333333333333,48.0
50645,莫力达瓦旗,124.48333333333333,48.46666666666667
50647,阿荣旗,123.48333333333333,48.11666666666667
50727,阿尔山,119.95,47.166666666666664
50832,胡尔勒,122.08333333333333,46.71666666666667
50833,扎赉特旗,122.9,46.71666666666667
50834,索伦,121.21666666666667,46.6
50838,乌兰浩特,122.05,46.083333333333336
50913,乌拉盖,118.8,45.71666666666667
50915,东乌珠穆沁旗,116.96666666666667,45.516666666666666
50928,巴雅尔吐胡硕,120.33333333333333,45.06666666666667
50934,突泉,121.53333333333333,45.4
50937,科尔沁右翼中旗,121.46666666666667,45.05
52267,额济纳旗,101.06666666666666,41.95
52378,拐子湖,102.36666666666666,41.36666666666667
52495,巴彦诺尔贡,104.8,40.166666666666664
52575,中泉子,102.7,39.3
52576,阿拉善右旗,101.68333333333334,39.21666666666667
52607,头道湖,105.13333333333334,38.05
53068,二连浩特,111.96666666666667,43.65
53083,那仁宝力格,114.15,44.61666666666667
53149,满都拉,110.13333333333334,42.53333333333333
53192,阿巴嘎旗,114.95,44.016666666666666
53195,苏尼特左旗,113.63333333333334,43.86666666666667
53231,海力素,106.4,41.35
53272,苏尼特右旗,112.65,42.75
53276,朱日和,112.9,42.4
53289,镶黄旗,113.83333333333333,42.233333333333334
53324,乌拉特后旗,106.98333333333333,41.45
53336,乌拉特中旗,108.51666666666667,41.56666666666667
53337,五原,108.26666666666667,41.1
53343,白云鄂博,109.96666666666667,41.766666666666666
53348,大佘太,109.01666666666667,41.016666666666666
53352,达尔罕茂明安联合旗,110.43333333333334,41.7
53357,固阳,110.05,41.03333333333333
53362,四子王旗,111.68333333333334,41.53333333333333
53367,希拉穆仁,111.23333333333333,41.31666666666667
53368,武川,111.45,41.1
53378,察哈尔右翼中旗,112.61666666666666,41.3
53384,察哈尔右翼后旗,113.18333333333334,41.45
53385,商都,113.55,41.56666666666667
53391,化德,114.0,41.9
53419,磴口,107.0,40.333333333333336
53420,杭锦后旗,107.0,40.0
53424,巴盟农试站,107.23333333333333,40.766666666666666
53433,乌拉特前旗,108.65,40.733333333333334
53446,包头,109.85,40.666666666666664
53455,土默特右旗,110.53333333333333,40.55
53457,达拉特旗,110.03333333333333,40.4
53463,呼和浩特,111.68333333333334,40.81666666666667
53464,土默特左旗,111.15,40.68333333333333
53466,呼和浩特市郊区,111.7,40.8
53467,托克托,111.18333333333334,40.266666666666666
53469,和林格尔,111.8,40.38333333333333
53472,卓资,112.56666666666666,40.86666666666667
53475,凉城,112.51666666666667,40.516666666666666
53480,集宁,113.06666666666666,41.03333333333333
53481,察哈尔右翼前旗,113.21666666666667,40.8
53483,兴和,113.86666666666666,40.88333333333333
53484,丰镇,113.15,40.45
53502,吉兰太,105.75,39.78333333333333
53505,锡林高勒,105.38333333333334,39.083333333333336
53512,乌海,106.81666666666666,39.68333333333333
53513,临河,107.41666666666667,40.75
53522,伊克乌素,107.85,40.05
53529,鄂托克旗,107.98333333333333,39.1
53533,杭锦旗,108.73333333333333,39.85
53543,东胜,109.98333333333333,39.833333333333336
53545,伊金霍洛旗,109.73333333333333,39.56666666666667
53547,乌审召,109.03333333333333,39.1
53553,准格尔旗,110.86666666666666,39.666666666666664
53562,清水河,111.66666666666667,39.916666666666664
53602,阿拉善左旗,105.66666666666667,38.833333333333336
53644,乌审旗,108.83333333333333,38.6
53730,鄂托克前旗,107.48333333333333,38.18333333333333
53732,河南,108.71666666666667,37.85
54012,西乌珠穆沁旗,117.6,44.583333333333336
54024,浩尔吐,119.3,44.45
54026,扎鲁特旗,120.9,44.56666666666667
54027,巴林左旗,119.4,43.983333333333334
54031,高力板,121.81666666666666,44.88333333333333
54039,舍伯吐,122.01666666666667,44.03333333333333
54047,科尔沁左翼中旗,123.3,44.13333333333333
54102,锡林浩特,116.06666666666666,43.95
54113,巴林右旗,118.65,43.53333333333333
54115,林西,118.06666666666666,43.6
54117,克什克腾旗,117.53333333333333,43.25
54122,阿鲁科尔沁旗,120.05,43.88333333333333
54132,青龙山,121.06666666666666,42.4
54134,开鲁,121.28333333333333,43.6
54135,通辽,122.26666666666667,43.6
54204,正镶白旗,115.0,42.3
54205,正兰旗,115.98333333333333,42.25
54208,多伦,116.46666666666667,42.18333333333333
54213,翁牛特旗,119.03333333333333,42.95
54214,岗子,118.41666666666667,42.583333333333336
54218,赤峰,118.93333333333334,42.266666666666666
54223,奈曼旗,120.65,42.85
54225,敖汉旗,119.91666666666667,42.28333333333333
54226,宝过图,120.7,42.333333333333336
54231,科尔沁左翼后旗,122.35,42.96666666666667
54234,库伦旗,121.78333333333333,42.733333333333334
54305,太仆寺旗,115.26666666666667,41.88333333333333
54313,喀喇沁旗,118.7,41.93333333333333
54316,八里罕,118.75,41.516666666666666
54320,宁城,119.35,41.6
53517,石炭井,106.33333333333333,39.266666666666666
53518,石嘴山,106.36666666666666,39.0
53519,惠农,106.76666666666667,39.21666666666667
53601,贺兰山,105.9,38.766666666666666
53610,贺兰,106.35,38.55
53611,平罗,106.55,38.9
53612,吴忠,106.18333333333334,37.983333333333334
53614,银川,106.21666666666667,38.483333333333334
53615,陶乐,106.7,38.8
53617,青铜峡,106.06666666666666,38.016666666666666
53618,永宁,106.25,38.25
53619,灵武,106.3,38.11666666666667
53704,中卫,105.18333333333334,37.53333333333333
53705,中宁,105.66666666666667,37.483333333333334
53707,兴仁,105.25,36.93333333333333
53723,盐池,107.4,37.78333333333333
53727,麻黄山,107.11666666666666,37.166666666666664
53806,海原,105.65,36.56666666666667
53810,同心,105.9,36.983333333333334
53817,固原,106.26666666666667,36.0
53881,韦州,106.48333333333333,37.28333333333333
53903,西吉,105.71666666666667,35.96666666666667
53910,六盘山,106.2,35.666666666666664
53914,隆德,106.11666666666666,35.61666666666667
53916,泾源,106.31666666666666,35.5
53913,彭阳,106.63333333333334,35.85
51886,茫崖,90.85,38.25
52602,冷湖,93.33333333333333,38.75
52633,托勒,98.41666666666667,38.8
52645,野牛沟,99.58333333333333,38.416666666666664
52657,祁连,100.25,38.18333333333333
52707,小灶火,93.68333333333334,36.8
52713,大柴旦,95.36666666666666,37.85
52737,德令哈,97.36666666666666,37.36666666666667
52745,天峻,99.03333333333333,37.3
52754,刚察,100.13333333333334,37.333333333333336
52765,门源,101.61666666666666,37.38333333333333
52818,格尔木,94.9,36.416666666666664
52825,诺木洪,96.41666666666667,36.43333333333333
52833,乌兰,98.48333333333333,36.916666666666664
52836,都兰,98.1,36.3
52842,茶卡,99.08333333333333,36.78333333333333
52853,海晏,100.98333333333333,36.916666666666664
52854,江西沟,100.26666666666667,36.61666666666667
52855,湟源,101.23333333333333,36.68333333333333
52856,共和,100.61666666666666,36.266666666666666
52862,大通,101.68333333333334,36.95
52863,互助,101.95,36.81666666666667
52866,西宁,101.75,36.71666666666667
52868,贵德,101.43333333333334,36.03333333333333
52869,湟中,101.56666666666666,36.516666666666666
52874,乐都,102.38333333333334,36.483333333333334
52875,海东,102.1,36.5
52876,民和,102.85,36.31666666666667
52877,化隆,102.26666666666667,36.1
52908,五道梁,93.08333333333333,35.21666666666667
52941,河卡,99.98333333333333,35.88333333333333
52943,兴海,99.98333333333333,35.583333333333336
52955,贵南,100.75,35.583333333333336
52957,同德,100.65,35.266666666666666
52963,尖扎,102.03333333333333,35.93333333333333
52968,泽库,101.46666666666667,35.03333333333333
52972,循化,102.55,35.833333333333336
52974,同仁,102.01666666666667,35.516666666666666
56004,托托河,92.43333333333334,34.21666666666667
56016,治多,95.6,33.85
56018,杂多,95.3,32.9
56021,曲麻莱,95.78333333333333,34.13333333333333
56029,玉树,97.01666666666667,33.016666666666666
56033,玛多,98.21666666666667,34.916666666666664
56034,清水河,97.13333333333334,33.8
56043,果洛,100.25,34.46666666666667
56045,甘德,99.9,33.96666666666667
56046,达日,99.65,33.75
56065,河南,101.6,34.733333333333334
56067,久治,101.48333333333333,33.43333333333333
56125,囊谦,96.48333333333333,32.2
56151,班玛,100.75,32.93333333333333
54709,武城,116.06666666666666,37.21666666666667
54712,临邑,116.86666666666666,37.18333333333333
54714,德州,116.31666666666666,37.43333333333333
54715,陵县,116.56666666666666,37.333333333333336
54716,宁津,116.8,37.65
54718,平原,116.43333333333334,37.15
54722,无棣,117.61666666666666,37.75
54723,阳信,117.56666666666666,37.65
54724,商河,117.16666666666667,37.333333333333336
54725,惠民,117.51666666666667,37.5
54726,乐陵,117.18333333333334,37.71666666666667
54727,章丘,117.55,36.7
54728,庆云,117.38333333333334,37.766666666666666
54729,高青,117.78333333333333,37.166666666666664
54730,沾化,118.13333333333334,37.68333333333333
54731,利津,118.23333333333333,37.483333333333334
54732,河口,118.53333333333333,37.88333333333333
54734,滨州,118.01666666666667,37.36666666666667
54736,东营,118.66666666666667,37.43333333333333
54737,博兴,118.13333333333334,37.15
54738,广饶,118.35,37.05
54739,胜利,118.43333333333334,37.46666666666667
54744,垦利,118.53333333333333,37.6
54749,莱州,119.93333333333334,37.18333333333333
54751,长岛,120.71666666666667,37.93333333333333
54752,蓬莱,120.76666666666667,37.8
54753,龙口,120.31666666666666,37.61666666666667
54755,招远,120.38333333333334,37.35
54759,栖霞,120.81666666666666,37.3
54764,福山,121.25,37.5
54765,烟台,121.4,37.53333333333333
54766,牟平,121.41666666666667,37.38333333333333
54774,威海,122.13333333333334,37.46666666666667
54776,成山头,122.68333333333334,37.4
54777,文登,122.03333333333333,37.18333333333333
54778,荣成,122.38333333333334,37.166666666666664
54802,临清,115.7,36.81666666666667
54803,夏津,116.01666666666667,36.96666666666667
54805,冠县,115.45,36.483333333333334
54806,聊城,115.95,36.416666666666664
54807,阳谷,115.8,36.13333333333333
54808,朝城,115.58333333333333,36.03333333333333
54810,高唐,116.26666666666667,36.86666666666667
54811,禹城,116.63333333333334,36.93333333333333
54812,齐河,116.75,36.78333333333333
54814,茌平,116.21666666666667,36.583333333333336
54815,东阿,116.23333333333333,36.35
54816,长清,116.78333333333333,36.61666666666667
54818,平阴,116.43333333333334,36.28333333333333
54819,肥城,116.78333333333333,36.18333333333333
54821,济阳,117.11666666666666,36.983333333333334
54822,邹平,117.73333333333333,36.9
54823,济南,117.05,36.6
54824,淄川,117.95,36.63333333333333
54825,博山,117.83333333333333,36.516666666666666
54826,泰山,117.1,36.25
54827,泰安,117.15,36.166666666666664
54828,莱芜,117.68333333333334,36.233333333333334
54829,周村,117.86666666666666,36.81666666666667
54830,淄博,118.0,36.833333333333336
54831,青州,118.46666666666667,36.7
54832,寿光,118.71666666666667,36.88333333333333
54833,桓台,118.08333333333333,36.96666666666667
54834,临淄,118.3,36.833333333333336
54835,临朐,118.55,36.5
54836,沂源,118.15,36.18333333333333
54837,昌乐,118.83333333333333,36.7
54841,昌邑,119.4,36.86666666666667
54842,平度,119.93333333333334,36.766666666666666
54843,潍坊,119.18333333333334,36.75
54844,安邱,119.16666666666667,36.416666666666664
54846,高密,119.71666666666667,36.38333333333333
54848,诸城,119.41666666666667,35.983333333333334
54849,胶州,120.0,36.266666666666666
54851,莱西,120.51666666666667,36.88333333333333
54852,莱阳,120.73333333333333,36.96666666666667
54853,崂山,120.41666666666667,36.166666666666664
54855,即墨,120.46666666666667,36.38333333333333
54857,青岛,120.33333333333333,36.06666666666667
54861,乳山,121.48333333333333,36.9
54863,海阳,121.16666666666667,36.766666666666666
54871,石岛,122.43333333333334,36.86666666666667
54904,鄄城,115.5,35.583333333333336
54905,郓城,115.91666666666667,35.6
54906,菏泽,115.43333333333334,35.25
54907,鱼台,116.65,34.983333333333334
54908,东明,115.08333333333333,35.28333333333333
54909,定陶,115.55,35.1
54910,梁山,116.08333333333333,35.8
54911,东平,116.45,35.93333333333333
54912,汶上,116.48333333333333,35.71666666666667
54913,宁阳,116.81666666666666,35.75
54914,巨野,116.1,35.416666666666664
54915,济宁,116.58333333333333,35.43333333333333
54916,兖州,116.85,35.56666666666667
54917,金乡,116.31666666666666,35.11666666666667
54918,曲阜,116.98333333333333,35.6
54919,邹城,117.0,35.416666666666664
54920,泗水,117.26666666666667,35.65
54921,嘉祥,116.43333333333334,35.46666666666667
54922,新泰,117.73333333333333,35.9
54923,蒙阴,117.91666666666667,35.71666666666667
54925,平邑,117.61666666666666,35.5
54927,滕州,117.13333333333334,35.11666666666667
54929,费县,117.95,35.25
54932,沂水,118.66666666666667,35.8
54935,沂南,118.46666666666667,35.53333333333333
54936,莒县,118.83333333333333,35.583333333333336
54938,临沂,118.4,35.05
54939,莒南,118.83333333333333,35.25
54940,五莲,119.2,35.75
54943,胶南,120.0,35.88333333333333
54945,日照,119.53333333333333,35.43333333333333
58002,曹县,115.55,34.81666666666667
58003,成武,115.88333333333334,34.95
58011,单县,116.06666666666666,34.8
58020,微山,117.13333333333334,34.85
58021,薛城,117.25,34.78333333333333
58022,峄城,117.8,34.766666666666666
58024,枣庄,117.58333333333333,34.86666666666667
58025,台儿庄,117.73333333333333,34.56666666666667
58030,苍山,118.1,34.9
58032,临沭,118.65,34.93333333333333
58034,郯城,118.36666666666666,34.61666666666667
54868,千里岩,121.38333333333334,36.266666666666666
54952,潮连岛,120.85,35.88333333333333
53478,右玉,112.45,40.0
53486,阳高,113.76666666666667,40.36666666666667
53487,大同,113.33333333333333,40.1
53488,大同县,113.58333333333333,40.03333333333333
53490,天镇,114.05,40.43333333333333
53564,河曲,111.15,39.38333333333333
53565,偏关,111.5,39.43333333333333
53573,左云,112.7,40.0
53574,平鲁,112.26666666666667,39.516666666666666
53575,神池,112.2,39.1
53576,山阴,112.81666666666666,39.5
53577,宁武,112.3,39.0
53578,朔州,112.43333333333334,39.3
53579,代县,112.9,39.016666666666666
53580,怀仁,113.1,39.81666666666667
53582,浑源,113.68333333333334,39.71666666666667
53584,应县,113.16666666666667,39.56666666666667
53585,繁峙,113.26666666666667,39.166666666666664
53588,五台山,113.51666666666667,38.95
53590,广灵,114.26666666666667,39.75
53594,灵邱,114.18333333333334,39.45
53659,临县,111.0,37.96666666666667
53660,保德,111.08333333333333,39.016666666666666
53662,岢岚,111.58333333333333,38.71666666666667
53663,五寨,111.81666666666666,38.916666666666664
53664,兴县,111.13333333333334,38.46666666666667
53665,岚县,111.65,38.28333333333333
53666,静乐,111.93333333333334,38.35
53669,娄烦,111.78333333333333,38.06666666666667
53673,原平,112.71666666666667,38.733333333333334
53674,忻州,112.7,38.416666666666664
53676,定襄,112.98333333333333,38.5
53677,太原北郊,112.48333333333333,37.93333333333333
53678,阳曲,112.66666666666667,38.06666666666667
53679,太原南郊,112.55,37.733333333333334
53681,五台县豆村,113.36666666666666,38.833333333333336
53685,盂县,113.41666666666667,38.06666666666667
53687,平定,113.63333333333334,37.78333333333333
53753,柳林,110.88333333333334,37.43333333333333
53759,石楼,110.83333333333333,36.983333333333334
53760,方山,111.23333333333333,37.88333333333333
53763,太原古交区,112.16666666666667,37.916666666666664
53764,离石,111.1,37.5
53767,中阳,111.16666666666667,37.333333333333336
53768,孝义,111.75,37.15
53769,汾阳,111.78333333333333,37.25
53770,祁县,112.35,37.35
53771,文水,112.05,37.45
53772,太原,112.55,37.78333333333333
53774,清徐,112.33333333333333,37.61666666666667
53775,太谷,112.53333333333333,37.43333333333333
53776,榆次,112.76666666666667,37.68333333333333
53777,交城,112.15,37.53333333333333
53778,平遥,112.21666666666667,37.18333333333333
53780,寿阳,113.16666666666667,37.9
53782,阳泉,113.55,37.85
53783,昔阳,113.7,37.6
53786,左权,113.36666666666666,37.083333333333336
53787,榆社,112.98333333333333,37.06666666666667
53788,和顺,113.56666666666666,37.333333333333336
53852,永和,110.63333333333334,36.766666666666666
53853,隰县,110.95,36.7
53856,大宁,110.75,36.46666666666667
53859,吉县,110.68333333333334,36.1
53860,交口,111.16666666666667,36.983333333333334
53861,襄汾,111.41666666666667,35.88333333333333
53862,灵石,111.76666666666667,36.833333333333336
53863,介休,111.91666666666667,37.03333333333333
53864,浦县,111.1,36.4
53865,汾西,111.55,36.65
53866,洪洞,111.66666666666667,36.233333333333334
53868,临汾,111.5,36.06666666666667
53869,霍州,111.71666666666667,36.583333333333336
53871,武乡,112.85,36.833333333333336
53872,沁县,112.68333333333334,36.766666666666666
53873,长子,112.86666666666666,36.11666666666667
53874,古县,111.91666666666667,36.266666666666666
53875,沁源,112.35,36.516666666666666
53877,安泽,112.25,36.166666666666664
53878,黎城,113.38333333333334,36.516666666666666
53879,屯留,112.88333333333334,36.31666666666667
53880,潞城,113.23333333333333,36.333333333333336
53882,长治,113.06666666666666,36.05
53884,襄垣,113.03333333333333,36.516666666666666
53885,壶关,113.2,36.13333333333333
53888,平顺,113.43333333333334,36.2
53953,乡宁,110.85,35.96666666666667
53954,稷山,110.95,35.583333333333336
53956,万荣,110.83333333333333,35.4
53957,河津,110.71666666666667,35.61666666666667
53958,临猗,110.78333333333333,35.13333333333333
53959,运城,111.01666666666667,35.03333333333333
53961,曲沃,111.48333333333333,35.65
53962,翼城,111.7,35.733333333333334
53963,侯马,111.36666666666666,35.65
53964,新绛,111.21666666666667,35.61666666666667
53965,绛县,111.56666666666666,35.516666666666666
53966,浮山,111.83333333333333,35.983333333333334
53967,闻喜,111.2,35.333333333333336
53968,垣曲,111.8,35.166666666666664
53970,沁水,112.2,35.7
53973,高平,112.95,35.766666666666666
53975,阳城,112.4,35.483333333333334
53976,晋城,112.83333333333333,35.516666666666666
53981,陵川,113.26666666666667,35.78333333333333
57052,永济,110.45,34.88333333333333
57053,芮城,110.71666666666667,34.7
57060,夏县,111.23333333333333,35.166666666666664
57061,平陆,111.2,35.833333333333336
53567,府谷,111.08333333333333,39.03333333333333
53646,榆林,109.7,38.233333333333334
53651,神木,110.43333333333334,38.81666666666667
53658,佳县,110.48333333333333,38.03333333333333
53725,定边,107.58333333333333,37.583333333333336
53735,靖边,108.8,37.61666666666667
53738,吴旗,108.16666666666667,36.916666666666664
53740,横山,109.23333333333333,37.93333333333333
53748,子长,109.7,37.18333333333333
53750,米脂,110.16666666666667,37.766666666666666
53751,子洲,110.05,37.6
53754,绥德,110.21666666666667,37.5
53756,吴堡,110.71666666666667,37.516666666666666
53757,清涧,110.11666666666666,37.11666666666667
53832,志丹,108.76666666666667,36.766666666666666
53841,安塞,109.31666666666666,36.88333333333333
53845,延安,109.5,36.6
53848,甘泉,109.35,36.266666666666666
53850,延川,110.18333333333334,36.88333333333333
53854,延长,110.06666666666666,36.583333333333336
53857,宜川,110.18333333333334,36.06666666666667
53929,长武,107.8,35.2
53931,富县,109.38333333333334,36.0
53938,旬邑,108.3,35.166666666666664
53941,白水,109.58333333333333,35.18333333333333
53942,洛川,109.5,35.81666666666667
53944,黄陵,109.25,35.25
53945,宜君,109.06666666666666,35.43333333333333
53946,黄龙,109.81666666666666,35.6
53947,铜川,109.06666666666666,35.083333333333336
53948,蒲城,109.58333333333333,34.95
53949,澄城,109.91666666666667,35.18333333333333
53950,合阳,110.15,35.233333333333334
53955,韩城,110.45,35.46666666666667
57003,陇县,106.83333333333333,34.9
57016,宝鸡,107.13333333333334,34.35
57020,宝鸡县,107.4,34.36666666666667
57021,千阳,107.13333333333334,34.65
57022,麟游,107.78333333333333,34.68333333333333
57023,彬县,108.1,35.03333333333333
57024,岐山,107.65,34.45
57025,凤翔,107.38333333333334,34.516666666666666
57026,扶风,107.88333333333334,34.36666666666667
57027,眉县,107.73333333333333,34.266666666666666
57028,太白,107.31666666666666,34.03333333333333
57029,礼泉,108.48333333333333,34.5
57030,永寿,108.15,34.7
57031,淳化,108.55,34.81666666666667
57032,周至,108.2,34.1
57033,泾阳,108.81666666666666,34.55
57034,武功,108.21666666666667,34.25
57035,乾县,108.23333333333333,34.55
57036,西安,108.93333333333334,34.3
57037,耀县,108.98333333333333,34.93333333333333
57038,兴平,108.28333333333333,34.28333333333333
57039,长安,108.91666666666667,34.15
57040,高陵,109.08333333333333,34.516666666666666
57041,三原,108.95,34.6
57042,富平,109.18333333333334,34.78333333333333
57043,大荔,109.93333333333334,34.86666666666667
57044,临潼,109.23333333333333,34.4
57045,渭南,109.48333333333333,34.516666666666666
57046,华山,110.08333333333333,34.483333333333334
57047,蓝田,109.31666666666666,34.166666666666664
57048,咸阳,108.71666666666667,34.4
57049,华县,109.73333333333333,34.516666666666666
57054,潼关,110.23333333333333,34.55
57055,华阴,110.08333333333333,34.55
57057,洛南,110.15,34.1
57106,略阳,106.15,33.31666666666667
57113,凤县,106.53333333333333,33.9
57119,勉县,106.7,33.166666666666664
57124,留坝,106.93333333333334,33.63333333333333
57126,洋县,107.55,33.21666666666667
57127,汉中,107.03333333333333,33.06666666666667
57128,城固,107.33333333333333,33.166666666666664
57129,西乡,107.71666666666667,32.983333333333334
57132,户县,108.61666666666666,34.11666666666667
57134,佛坪,107.98333333333333,33.53333333333333
57137,宁陕,108.31666666666666,33.31666666666667
57140,柞水,109.11666666666666,33.666666666666664
57143,商州,109.96666666666667,33.86666666666667
57144,镇安,109.15,33.43333333333333
57153,丹凤,110.3,33.7
57154,商南,110.9,33.53333333333333
57155,山阳,109.86666666666666,33.55
57211,宁强,106.25,32.833333333333336
57213,南郑,106.93333333333334,33.0
57231,紫阳,108.53333333333333,32.53333333333333
57232,石泉,108.26666666666667,33.05
57233,汉阴,108.5,32.9
57238,镇巴,107.9,32.53333333333333
57242,旬阳,109.36666666666666,32.85
57245,安康,109.03333333333333,32.71666666666667
57247,岚皋,108.9,32.31666666666667
57248,平利,109.33333333333333,32.4
57254,白河,110.11666666666666,32.81666666666667
57343,镇坪,109.53333333333333,31.9
58361,闵行,121.36666666666666,31.1
58362,宝山,121.48333333333333,31.4
58364,川沙,121.7,31.2
58365,嘉定,121.25,31.366666666666667
58366,崇明,121.45,31.616666666666667
58367,上海,121.43333333333334,31.2
58369,南汇,121.76666666666667,31.05
58370,浦东,121.53333333333333,31.233333333333334
58460,金山,121.16666666666667,30.9
58461,青浦,121.11666666666666,31.133333333333333
58462,松江,121.25,31.0
58463,奉贤,121.48333333333333,30.933333333333334
54428,蓟县,117.4,40.03333333333333
54527,西青区,117.06666666666666,39.083333333333336
54523,武清,117.1,39.4
54525,宝坻,117.28333333333333,39.733333333333334
54526,东丽区,117.41666666666667,39.06666666666667
54517,天津,117.16666666666667,39.1
54528,北辰区,117.11666666666666,39.21666666666667
54529,宁河,117.81666666666666,39.35
54530,汉沽区,117.76666666666667,39.233333333333334
54619,静海,116.91666666666667,38.916666666666664
54622,津南区,117.36666666666666,38.983333333333334
54623,塘沽区,117.71666666666667,39.05
54645,大港区,117.5,38.833333333333336
55228,狮泉河,80.08333333333333,32.5
55248,改则,84.41666666666667,32.15
55279,班戈,90.01666666666667,31.366666666666667
55294,安多,91.1,32.35
55299,那曲,92.06666666666666,31.483333333333334
55437,普兰,81.25,30.283333333333335
55472,申扎,88.63333333333334,30.95
55493,当雄,91.1,30.483333333333334
55569,拉孜,87.63333333333334,29.083333333333332
55572,南木林,89.1,29.683333333333334
55578,日喀则,88.88333333333334,29.25
55585,尼木,90.16666666666667,29.433333333333334
55589,贡嘎,90.98333333333333,29.3
55591,拉萨,91.13333333333334,29.666666666666668
55593,墨竹贡卡,91.73333333333333,29.85
55597,琼结,91.68333333333334,29.033333333333335
55598,泽当,91.76666666666667,29.25
55655,聂拉木,85.96666666666667,28.183333333333334
55664,定日,87.08333333333333,28.633333333333333
55680,江孜,89.6,28.916666666666668
55681,浪卡子,90.4,28.966666666666665
55690,错那,91.95,27.983333333333334
55696,隆子,92.46666666666667,28.416666666666668
55773,帕里,89.08333333333333,27.733333333333334
56106,索县,93.78333333333333,31.883333333333333
56109,比如,93.78333333333333,31.483333333333334
56116,丁青,95.6,31.416666666666668
56128,类乌齐,96.6,31.216666666666665
56137,昌都,97.16666666666667,31.15
56202,嘉黎,93.28333333333333,30.666666666666668
56223,洛隆,95.83333333333333,30.75
56227,波密,95.76666666666667,29.866666666666667
56228,八宿,96.91666666666667,30.05
56307,加查,92.58333333333333,29.15
56312,林芝,94.46666666666667,29.566666666666666
56317,米林,94.21666666666667,29.216666666666665
56331,左贡,97.83333333333333,29.666666666666668
56342,芒康,98.6,29.683333333333334
56434,察隅,97.46666666666667,28.65
56038,石渠,98.1,32.983333333333334
56079,若尔盖,102.96666666666667,33.583333333333336
56097,九寨沟,104.23333333333333,33.266666666666666
56144,德格,98.58333333333333,31.733333333333334
56146,甘孜,100.0,31.616666666666667
56147,白玉,98.83333333333333,31.216666666666665
56152,色达,100.33333333333333,32.28333333333333
56158,炉霍,100.66666666666667,31.4
56164,壤塘,100.98333333333333,32.266666666666666
56167,道孚,101.11666666666666,30.983333333333334
56168,金川,102.06666666666666,31.483333333333334
56171,阿坝,101.7,32.9
56172,马尔康,102.23333333333333,31.9
56173,红原,102.55,32.8
56178,小金,102.35,31.0
56180,茂县,103.85,31.683333333333334
56181,崇州,103.66666666666667,30.633333333333333
56182,松潘,103.56666666666666,32.65
56183,汶川,103.58333333333333,31.466666666666665
56184,理县,103.16666666666667,31.433333333333334
56185,黑水,102.98333333333333,32.083333333333336
56186,绵竹,104.2,31.333333333333332
56187,温江,103.83333333333333,30.7
56188,都江堰,103.66666666666667,30.983333333333334
56189,彭州,103.93333333333334,30.983333333333334
56190,安县,104.41666666666667,31.65
56193,平武,104.51666666666667,32.416666666666664
56194,北川,104.46666666666667,31.833333333333332
56195,江油,104.73333333333333,31.783333333333335
56196,绵阳,104.68333333333334,31.466666666666665
56197,什邡,104.18333333333334,31.133333333333333
56198,德阳,104.38333333333334,31.15
56199,中江,104.68333333333334,31.033333333333335
56247,巴塘,99.1,30.0
56251,新龙,100.31666666666666,30.933333333333334
56257,理塘,100.26666666666667,30.0
56263,丹巴,101.88333333333334,30.883333333333333
56267,雅江,101.01666666666667,30.033333333333335
56272,郫县,103.88333333333334,30.816666666666666
56273,宝兴,102.81666666666666,30.383333333333333
56276,新津,103.8,30.433333333333334
56278,天全,102.76666666666667,30.066666666666666
56279,芦山,102.93333333333334,30.15
56280,名山,103.11666666666666,30.083333333333332
56281,蒲江,103.5,30.183333333333334
56284,邛崃,103.48333333333333,30.416666666666668
56285,大邑,103.51666666666667,30.6
56286,龙泉驿,104.25,30.55
56287,雅安,103.0,29.983333333333334
56288,双流,103.91666666666667,30.583333333333332
56289,彭山,103.86666666666666,30.2
56290,新都,104.15,30.833333333333332
56291,广汉,104.28333333333333,30.966666666666665
56294,成都,104.01666666666667,30.666666666666668
56295,简阳,104.55,30.383333333333333
56296,金堂,104.43333333333334,30.85
56297,仁寿,104.15,30.016666666666666
56298,资阳,104.65,30.116666666666667
56357,稻城,100.3,29.05
56371,泸定,102.23333333333333,29.916666666666668
56380,洪雅,103.36666666666666,29.916666666666668
56373,荣经,102.85,29.783333333333335
56374,康定,101.96666666666667,30.05
56376,汉源,102.68333333333334,29.35
56378,石棉,102.35,29.233333333333334
56381,丹棱,103.51666666666667,30.016666666666666
56382,夹江,103.6,29.733333333333334
56383,青神,103.83333333333333,29.833333333333332
56384,峨眉,103.48333333333333,33.483333333333334
56385,峨眉山,103.33333333333333,29.516666666666666
56386,乐山,103.75,29.566666666666666
56387,峨边,103.26666666666667,29.233333333333334
56389,犍为,103.95,29.2
56390,井研,104.06666666666666,29.666666666666668
56391,眉山,103.81666666666666,30.05
56393,资中,104.85,29.766666666666666
56394,荣县,104.43333333333334,29.45
56395,威远,104.66666666666667,29.516666666666666
56396,自贡,104.76666666666667,29.35
56399,富顺,104.98333333333333,29.183333333333334
56441,得荣,99.28333333333333,28.716666666666665
56443,乡城,99.8,28.933333333333334
56459,木里,101.26666666666667,27.933333333333334
56462,九龙,101.5,29.0
56473,甘洛,102.76666666666667,28.95
56474,冕宁,102.16666666666667,28.55
56475,越西,102.51666666666667,28.65
56478,喜德,102.43333333333334,28.3
56479,昭觉,102.85,28.0
56480,马边,103.55,28.833333333333332
56485,雷波,103.58333333333333,28.266666666666666
56487,美姑,103.13333333333334,28.333333333333332
56490,沐川,103.9,28.95
56491,宜宾县,104.55,28.7
56492,宜宾,104.6,28.8
56493,南溪,104.96666666666667,28.85
56494,屏山,104.15,28.65
56495,宜宾农试站,104.55,28.7
56496,兴文,105.23333333333333,28.316666666666666
56498,筠连,104.51666666666667,28.166666666666668
56499,珙县,104.78333333333333,28.383333333333333
56565,盐源,101.51666666666667,27.433333333333334
56569,德昌,102.18333333333334,33.45
56571,西昌,102.26666666666667,27.9
56575,普格,102.55,27.366666666666667
56578,宁南,102.75,27.066666666666666
56580,布拖,102.8,27.716666666666665
56584,金阳,103.25,27.7
56592,高县,104.51666666666667,28.433333333333334
56593,长宁,104.91666666666667,28.583333333333332
56665,盐边,101.85,26.683333333333334
56666,攀枝花,101.71666666666667,26.583333333333332
56670,米易,102.11666666666666,26.9
56671,会理,102.25,26.65
56674,仁和,101.73333333333333,26.5
56675,会东,102.58333333333333,26.65
57204,青川,105.23333333333333,32.583333333333336
57206,广元,105.85,32.43333333333333
57208,剑阁,105.46666666666667,32.016666666666666
57216,南江,106.83333333333333,32.35
57217,旺苍,106.28333333333333,32.233333333333334
57237,万源,108.03333333333333,32.06666666666667
57303,苍溪,105.91666666666667,31.733333333333334
57304,梓潼,105.16666666666667,31.666666666666668
57306,阆中,105.96666666666667,31.583333333333332
57307,三台,105.08333333333333,31.1
57308,盐亭,105.38333333333334,31.216666666666665
57309,西充,105.88333333333334,30.983333333333334
57313,巴中,106.76666666666667,31.866666666666667
57314,南部,106.05,31.35
57315,仪陇,106.4,31.533333333333335
57317,蓬安,106.41666666666667,31.033333333333335
57318,营山,106.55,31.066666666666666
57320,通江,107.23333333333333,31.933333333333334
57324,平昌,107.1,31.566666666666666
57326,宣汉,107.71666666666667,31.366666666666667
57328,达州,107.5,31.2
57329,开江,107.85,33.516666666666666
57401,射洪,105.38333333333334,30.866666666666667
57402,蓬溪,105.7,30.766666666666666
57405,遂宁,105.58333333333333,30.5
57407,乐至,105.03333333333333,30.283333333333335
57408,安岳,105.35,30.116666666666667
57411,南充,106.1,30.783333333333335
57413,渠县,106.96666666666667,30.85
57414,岳池,106.45,30.55
57415,广安,106.63333333333334,30.466666666666665
57416,邻水,106.93333333333334,30.333333333333332
57417,武胜,106.28333333333333,30.35
57420,大竹,107.2,30.75
57503,东兴,105.11666666666666,29.616666666666667
57504,内江,105.05,29.583333333333332
57507,隆昌,105.3,29.333333333333332
57508,泸县,105.45,28.983333333333334
57600,江安,105.06666666666666,28.733333333333334
57602,泸州,105.43333333333334,28.883333333333333
57603,合江,105.83333333333333,28.816666666666666
57604,纳溪,105.38333333333334,28.783333333333335
57605,古蔺,105.81666666666666,28.033333333333335
57608,叙永,105.43333333333334,33.46666666666667
51053,哈巴河,86.4,48.05
51058,黑山头,86.61666666666666,47.1
51059,吉木乃,85.86666666666666,47.43333333333333
51060,布尔津,86.86666666666666,47.7
51068,福海,87.46666666666667,47.06666666666667
51076,阿勒泰,88.08333333333333,47.733333333333334
51087,富蕴,89.51666666666667,46.983333333333334
51133,塔城,83.0,46.733333333333334
51137,裕民,82.93333333333334,46.2
51145,额敏,83.65,46.55
51156,和布克赛尔,85.71666666666667,46.78333333333333
51186,青河,90.38333333333334,46.666666666666664
51232,阿拉山口,82.58333333333333,45.18333333333333
51238,博乐,82.06666666666666,44.9
51241,托里,83.6,45.93333333333333
51243,克拉玛依,84.85,45.61666666666667
51288,北塔山,90.53333333333333,45.36666666666667
51328,霍尔果斯,80.41666666666667,44.2
51329,霍城,80.85,44.05
51330,温泉,81.01666666666667,44.96666666666667
51334,精河,82.9,44.61666666666667
51346,乌苏,84.66666666666667,44.43333333333333
51352,炮台,85.25,44.85
51353,莫索湾,86.1,45.016666666666666
51356,石河子,86.05,44.31666666666667
51357,沙湾,85.61666666666666,44.333333333333336
51358,乌兰乌苏,85.81666666666666,44.28333333333333
51359,玛纳斯,86.2,44.31666666666667
51365,蔡家湖,87.53333333333333,44.2
51367,呼图壁,86.81666666666666,44.13333333333333
51368,昌吉,87.43333333333334,44.016666666666666
51369,米泉,87.65,43.96666666666667
51377,阜康,87.91666666666667,44.166666666666664
51378,吉木萨尔,89.16666666666667,44.016666666666666
51379,奇台,89.56666666666666,44.016666666666666
51430,察布查尔,81.15,43.833333333333336
51431,伊宁,81.33333333333333,43.95
51433,尼勒克,82.56666666666666,43.8
51434,伊宁县,81.53333333333333,43.96666666666667
51435,巩留,82.23333333333333,43.46666666666667
51436,新源,83.3,43.45
51437,昭苏,81.13333333333334,43.15
51438,特克斯,81.76666666666667,43.18333333333333
51463,乌鲁木齐,87.63333333333334,43.78333333333333
51465,小渠子,87.1,43.56666666666667
51467,巴仑台,86.3,42.733333333333334
51468,天山大西沟,86.83333333333333,43.1
51469,乌鲁木齐牧试站,87.11666666666666,43.28333333333333
51470,天池,88.11666666666666,43.88333333333333
51477,达坂城,88.31666666666666,43.35
51482,木垒,90.28333333333333,43.833333333333336
51495,十三间房气象站,91.73333333333333,43.21666666666667
51526,库米什,88.21666666666667,42.233333333333334
51542,巴音布鲁克,84.15,43.03333333333333
51559,和静,86.4,42.31666666666667
51567,焉耆,86.56666666666666,42.083333333333336
51568,和硕,86.8,42.25
51571,托克逊,88.63333333333334,42.8
51572,吐鲁番东坎,89.25,42.833333333333336
51573,吐鲁番,89.2,42.93333333333333
51581,鄯善,90.23333333333333,42.85
51627,乌什,79.23333333333333,41.21666666666667
51628,阿克苏,80.23333333333333,41.166666666666664
51629,温宿,80.23333333333333,41.266666666666666
51633,拜城,81.9,41.78333333333333
51636,新和,82.61666666666666,41.53333333333333
51639,沙雅,82.78333333333333,41.233333333333334
51642,轮台,84.25,41.78333333333333
51644,库车,83.06666666666666,41.71666666666667
51655,尉犁,86.26666666666667,41.35
51656,库尔勒,86.13333333333334,41.75
51701,吐尔尕特,75.4,40.516666666666666
51704,阿图什,76.16666666666667,39.71666666666667
51705,乌恰,75.25,39.71666666666667
51707,伽师,76.73333333333333,39.5
51708,阿克陶,75.95,39.15
51709,喀什,75.98333333333333,39.46666666666667
51711,阿合奇,78.45,40.93333333333333
51716,巴楚,78.56666666666666,39.8
51717,岳普湖,76.78333333333333,39.25
51720,柯坪,79.05,40.5
51722,阿瓦提,80.4,40.65
51730,阿拉尔,81.05,40.5
51747,塔中,83.66666666666667,39.0
51765,铁干里克,87.7,40.63333333333333
51777,若羌,88.16666666666667,39.03333333333333
51802,英吉沙,76.16666666666667,38.93333333333333
51804,塔什库尔干,75.23333333333333,37.78333333333333
51810,麦盖提,77.63333333333334,38.916666666666664
51811,莎车,77.26666666666667,38.43333333333333
51814,叶城,77.4,37.916666666666664
51815,泽普,77.26666666666667,38.2
51818,皮山,78.28333333333333,37.61666666666667
51826,策勒,80.8,37.016666666666666
51827,墨玉,79.71666666666667,37.28333333333333
51828,和田,79.93333333333334,37.13333333333333
51829,洛浦,80.16666666666667,37.083333333333336
51839,民丰,82.71666666666667,37.06666666666667
51855,且末,85.55,38.15
51931,于田,81.65,36.85
52101,巴里坤,93.0,43.6
52112,淖毛湖,95.13333333333334,43.766666666666666
52118,伊吾,94.7,43.266666666666666
52203,哈密,93.51666666666667,42.81666666666667
52313,红柳河,94.66666666666667,41.53333333333333
56444,德钦,98.91666666666667,28.483333333333334
56483,绥江,103.95,28.6
56489,永善,103.63333333333334,28.233333333333334
56497,盐津,104.25,28.066666666666666
56533,贡山,98.66666666666667,27.75
56543,中甸,99.7,27.833333333333332
56548,维西,99.28333333333333,27.166666666666668
56567,宁蒗,100.85,27.3
56582,大观,103.88333333333334,27.766666666666666
56585,鲁甸,103.36666666666666,27.183333333333334
56586,昭通,103.71666666666667,27.35
56594,彝良,104.05,27.633333333333333
56595,镇雄,104.86666666666666,27.433333333333334
56596,威信,105.05,27.85
56641,福贡,98.86666666666666,26.9
56643,六库,98.85,26.866666666666667
56645,兰坪,99.41666666666667,26.416666666666668
56646,剑川,99.91666666666667,26.533333333333335
56649,洱源,99.96666666666667,26.116666666666667
56651,丽江,100.21666666666667,26.866666666666667
56652,永胜,100.75,26.683333333333334
56654,鹤庆,100.18333333333334,26.583333333333332
56664,华坪,101.26666666666667,26.633333333333333
56669,永仁,101.68333333333334,26.05
56673,巧家,102.91666666666667,26.916666666666668
56684,会泽,103.28333333333333,26.416666666666668
56688,东川,103.16666666666667,26.1
56697,宣威,104.08333333333333,26.216666666666665
56739,腾冲,98.5,25.016666666666666
56741,泸水,98.81666666666666,25.983333333333334
56742,云龙,99.36666666666666,25.9
56745,漾鼻,99.95,25.683333333333334
56746,永平,99.51666666666667,25.466666666666665
56748,保山,99.16666666666667,25.116666666666667
56751,大理,100.18333333333334,25.7
56752,宾川,100.56666666666666,25.833333333333332
56755,弥渡,100.48333333333333,25.35
56756,祥云,100.58333333333333,25.483333333333334
56757,魏山,100.28333333333333,25.266666666666666
56761,大姚,101.31666666666666,25.716666666666665
56763,元谋,101.86666666666666,25.733333333333334
56764,姚安,101.43333333333334,25.533333333333335
56766,牟定,101.51666666666667,25.333333333333332
56767,南华,101.28333333333333,25.183333333333334
56768,楚雄,101.53333333333333,25.016666666666666
56772,富民,102.5,25.233333333333334
56774,武定,102.41666666666667,25.533333333333335
56775,禄劝,102.43333333333334,25.583333333333332
56777,禄丰,102.06666666666666,25.15
56778,昆明,102.68333333333334,25.016666666666666
56779,昆明农试站,102.71666666666667,25.116666666666667
56781,寻甸,103.26666666666667,25.55
56782,马龙,103.55,25.416666666666668
56783,曲靖,103.8,25.5
56785,嵩明,103.03333333333333,25.333333333333332
56786,沾益,103.83333333333333,25.583333333333332
56788,陆良,103.66666666666667,25.033333333333335
56790,富源,104.25,25.666666666666668
56835,陇川,97.95,24.366666666666667
56836,盈江,97.95,24.7
56838,瑞丽,97.85,24.016666666666666
56839,镇康,98.96666666666667,24.066666666666666
56840,梁河,98.3,24.8
56841,龙陵,98.68333333333334,24.6
56842,施甸,99.18333333333334,24.733333333333334
56843,昌宁,99.61666666666666,24.833333333333332
56844,潞西,98.58333333333333,24.433333333333334
56846,凤庆,98.9,24.6
56849,永德,98.23333333333333,24.033333333333335
56851,南涧,100.53333333333333,25.05
56854,云县,100.13333333333334,24.45
56856,景东,100.86666666666666,24.466666666666665
56862,双柏,101.6,24.683333333333334
56863,安宁,102.48333333333333,24.933333333333334
56867,镇源,100.88333333333334,23.883333333333333
56869,新平,101.96666666666667,24.066666666666666
56870,易门,102.16666666666667,24.666666666666668
56871,晋宁,102.61666666666666,24.683333333333334
56872,太华山,102.61666666666666,24.95
56873,澄江,102.9,24.666666666666668
56875,玉溪,102.55,24.35
56876,江川,102.76666666666667,24.283333333333335
56878,通海,102.75,24.116666666666667
56879,华宁,102.91666666666667,24.2
56880,宜良,103.16666666666667,24.916666666666668
56881,石林,103.26666666666667,24.733333333333334
56882,呈贡,102.8,24.883333333333333
56883,师宗,103.98333333333333,24.833333333333332
56885,弥勒,103.45,24.4
56886,泸西,103.76666666666667,24.533333333333335
56889,邱北,104.18333333333334,24.05
56891,罗平,104.31666666666666,24.983333333333334
56898,峨山,102.4,24.183333333333334
56944,沧源,99.26666666666667,23.15
56945,孟定,99.08333333333333,23.566666666666666
56946,耿马,99.4,23.55
56948,西盟,99.45,22.733333333333334
56949,孟连,99.61666666666666,22.333333333333332
56950,双江,99.8,23.466666666666665
56951,临沧,100.21666666666667,23.95
56952,景谷,100.7,23.5
56954,澜沧,99.93333333333334,22.566666666666666
56957,景洪(热作所),100.41666666666667,22.0
56958,勐海,100.41666666666667,21.916666666666668
56961,普洱,101.28333333333333,23.033333333333335
56962,墨江,101.71666666666667,23.433333333333334
56964,思茅,101.4,22.666666666666668
56966,元江,101.98333333333333,23.433333333333334
56969,猛腊,101.56666666666666,21.483333333333334
56970,石屏,102.48333333333333,23.7
56973,建水,102.83333333333333,23.616666666666667
56975,红河,102.43333333333334,23.366666666666667
56976,元阳,102.75,23.166666666666668
56977,江城,101.85,22.583333333333332
56978,绿春,102.4,23.0
56982,开远,103.25,23.7
56984,个旧,103.15,23.383333333333333
56985,蒙自,103.38333333333334,23.383333333333333
56986,屏边,103.68333333333334,22.983333333333334
56987,金平,103.23333333333333,22.783333333333335
56989,河口,103.95,22.783333333333335
56991,砚山,104.33333333333333,22.5
56992,西畴,104.68333333333334,23.616666666666667
56994,文山,104.25,23.45
56995,马关,104.41666666666667,23.383333333333333
56996,麻栗坡,104.7,23.033333333333335
57205,富宁,105.63333333333334,23.65
58443,长兴,119.88333333333334,30.983333333333334
58446,安吉,119.68333333333334,30.633333333333333
58448,临安,119.73333333333333,30.3
58449,富阳,119.95,30.05
58450,湖州,120.08333333333333,30.85
58451,嘉善,120.9,30.85
58452,嘉兴,120.71666666666667,30.783333333333335
58453,绍兴,120.63333333333334,30.0
58454,德清,119.95,30.55
58455,海宁,120.68333333333334,30.516666666666666
58456,桐乡,120.51666666666667,30.633333333333333
58457,杭州,120.16666666666667,30.233333333333334
58458,海盐,120.93333333333334,30.516666666666666
58459,萧山,120.28333333333333,30.183333333333334
58464,平湖,121.08333333333333,30.616666666666667
58467,慈溪,121.26666666666667,30.2
58468,余姚,121.15,30.066666666666666
58472,嵊泗,122.45,30.733333333333334
58477,定海,122.1,30.033333333333335
58484,岱山,122.2,30.25
58537,开化,118.4,29.133333333333333
58542,桐庐,119.68333333333334,29.816666666666666
58543,淳安,119.01666666666667,29.616666666666667
58544,建德,119.26666666666667,29.483333333333334
58546,浦江,119.88333333333334,29.466666666666665
58547,龙游,119.18333333333334,29.033333333333335
58548,兰溪,119.46666666666667,29.216666666666665
58549,金华,119.65,29.116666666666667
58550,诸暨,120.25,29.7
58553,上虞,120.88333333333334,30.033333333333335
58555,新昌,120.88333333333334,29.516666666666666
58556,嵊州,120.81666666666666,29.6
58557,义乌,120.06666666666666,29.316666666666666
58558,东阳,120.21666666666667,29.266666666666666
58559,天台,120.98333333333333,29.166666666666668
58562,鄞县,121.56666666666666,29.866666666666667
58563,北仑,121.75,29.966666666666665
58565,奉化,121.41666666666667,29.666666666666668
58566,象山,121.86666666666666,29.466666666666665
58567,宁海,121.43333333333334,29.316666666666666
58568,三门,121.36666666666666,29.116666666666667
58569,石浦,121.95,29.2
58570,普陀,122.3,29.95
58631,常山,118.5,28.9
58632,江山,118.63333333333334,28.75
58633,衢州,118.9,29.0
58642,武义,119.8,28.883333333333333
58643,永康,120.03333333333333,28.9
58644,遂昌,119.28333333333333,28.6
58646,丽水,119.91666666666667,28.45
58647,龙泉,119.13333333333334,28.066666666666666
58652,仙居,120.71666666666667,28.85
58654,缙云,120.08333333333333,28.666666666666668
58656,乐清,120.96666666666667,28.116666666666667
58657,青田,120.28333333333333,28.15
58658,永嘉,120.68333333333334,28.15
58659,温州,120.65,28.033333333333335
58660,临海,121.13333333333334,28.85
58664,温岭,121.36666666666666,28.366666666666667
58665,洪家,121.41666666666667,28.616666666666667
58666,大陈,121.9,28.45
58667,玉环,121.26666666666667,28.083333333333332
58742,云和,119.55,28.116666666666667
58745,庆元,119.06666666666666,27.616666666666667
58746,泰顺,119.7,27.566666666666666
58750,文成,120.08333333333333,27.783333333333335
58751,平阳,120.56666666666666,27.683333333333334
58752,瑞安,120.65,27.783333333333335
58760,洞头,121.15,27.833333333333332
57333,城口,108.66666666666667,31.95
57338,开县,108.43333333333334,31.2
57339,云阳,108.68333333333334,30.95
57345,巫溪,109.61666666666666,31.4
57348,奉节,109.5,31.05
57349,巫山,109.86666666666666,31.066666666666666
57409,潼南,105.8,30.183333333333334
57425,垫江,107.35,30.333333333333332
57426,梁平,107.8,30.683333333333334
57431,万州天城,108.35,30.833333333333332
57432,万州龙宝,108.4,30.766666666666666
57437,忠县,108.03333333333333,30.3
57438,石柱,108.11666666666666,30.0
57502,大足,105.7,29.7
57505,荣昌,105.6,29.416666666666668
57506,永川,105.9,29.366666666666667
57509,万盛,106.93333333333334,28.95
57510,铜梁,106.05,29.85
57511,北碚,106.45,29.85
57512,合川,106.28333333333333,29.966666666666665
57513,渝北,106.63333333333334,29.716666666666665
57514,璧山,106.23333333333333,29.583333333333332
57516,重庆,106.46666666666667,29.583333333333332
57517,江津,106.25,29.283333333333335
57518,巴南,106.53333333333333,29.383333333333333
57519,南川,107.08333333333333,29.15
57520,长寿,107.06666666666666,29.833333333333332
57522,涪陵,107.41666666666667,29.75
57523,丰都,107.68333333333334,29.866666666666667
57525,武隆,107.75,29.316666666666666
57536,黔江,108.78333333333333,29.533333333333335
57537,彭水,108.16666666666667,29.3
57612,綦江,106.65,29.016666666666666
57621,金佛山,107.15,28.95
57633,酉阳,108.76666666666667,28.833333333333332
67635,秀山,108.98333333333333,28.45
58965,桃园,121.21666666666667,25.05
58968,台北,121.51666666666667,25.033333333333335
58969,台北,121.53333333333333,25.066666666666666
58974,彭佳屿,122.06666666666666,25.633333333333333
59152,新竹,120.96666666666667,24.8
59153,新竹,120.93333333333334,24.833333333333332
59155,公馆,120.61666666666666,24.25
59158,台中,120.68333333333334,24.15
59162,宜兰,121.75,24.766666666666666
59345,马公,119.56666666666666,23.516666666666666
59348,东吉屿,119.66666666666667,23.266666666666666
59353,阿里山,120.8,23.516666666666666
59354,嘉义,120.46666666666667,23.5
59358,台南,120.21666666666667,23.0
59359,玉山,120.95,23.483333333333334
59362,花莲,121.61666666666666,24.016666666666666
59368,新港,121.36666666666666,23.1
59553,东港,120.43333333333334,22.466666666666665
59554,高雄,120.26666666666667,22.616666666666667
59556,大武,120.9,22.35
59559,恒春,120.75,22.0
59562,台东,121.15,22.75
59567,兰屿,121.55,22.033333333333335
45001,香港,114.01666666666667,22.2
45004,香港,114.16666666666667,22.316666666666666
45005,香港,114.16666666666667,22.3
45007,香港,114.2,22.316666666666666
45009,香港,114.3,22.183333333333334
45011,澳门,113.53333333333333,22.2
